item_code,advt_no,details,link,published
1727308800000,202309,Amended Model Answer of Parivahan Up Nirikshak (Tech.) Exam-2023 (26-09-2024),/assets/pdf/Model_Answer/AMA_TSI2023_26092024.pdf,1
1725408000000,202309,Model Answer of Parivahan Up Nirikshak (Tech.) Exam-2023 (04-09-2024),/assets/pdf/Model_Answer/MA_TSI2023_04092024.pdf,1
1710115200000,202311,Amended Model Answer of State Service Prelims Exam-2023 (11-03-2024),/assets/pdf/Model_Answer/AMA_SSPE_2023_11032024.pdf,1
1708041600000,202311,Model Answer of State Service Prelims Exam-2023 (16-02-2024),/assets/pdf/Model_Answer/MA_SSPE_2023_16022024.pdf,1
1725408000000,202308,Model Answer of Civil Judge (Entry Level) Exam-2023 (04-09-2023),/assets/pdf/Model_Answer/MA_CJ_2023_04092023.pdf,1
1692576000000,202306,Model Answer of Assistant Director Agriculture Exam-2023 (21-08-2023),/assets/pdf/Model_Answer/MA_ADA_2023_21082023.pdf,1
1692576000000,202303,Model Answer of Assistant Director Technical [AYUSH] Exam-2023 (21-08-2023),/assets/pdf/Model_Answer/MA_ADT_2023_21082023.pdf,1
1692576000000,202302,Model Answer of District Ayurveda Officer [AYUSH] Exam-2023 (21-08-2023),/assets/pdf/Model_Answer/MA_DAO_2023_21082023.pdf,1
1677456000000,202229,Model Answer of Civil Judge (Entry Level) Exam-2022 (27-02-2023),/assets/pdf/Model_Answer/MA_CJ_2022_27022023.pdf,1
1676246400000,202228,Model Answer of State Service (Prelims) Exam-2022(13-02-2023),/assets/pdf/Model_Answer/MA_SSPE_2022_13022023.pdf,1
1665964800000,202214,"Model Answer of Scientific Officer (Biology, Physics, Chemistry) Exam-2022 (17-10-2022)",/assets/pdf/Model_Answer/MA_SO_2022_17102022.pdf,1
1665964800000,202223,Model Answer of Casualty Medical Officer Exam-2022 (17-10-2022),/assets/pdf/Model_Answer/MA_CMO_2022_17102022.pdf,1
1664236800000,202224,Model Answer of Peon (General Administration Dept. & CGPSC) Exam-2022 (27-09-2022),/assets/pdf/Model_Answer/MA_PEON_2022_27092022.pdf,1
1663200000000,202222,Model Answer of Physiotherapist Exam-2022 (15-09-2022),/assets/pdf/Model_Answer/MA_physio_2022_15092022.pdf,1
1663200000000,202226,Model Answer of Ayurveda Medical Officer Exam-2022 (15-09-2022),/assets/pdf/Model_Answer/MA_AMO_2022_15092022.pdf,1
1661731200000,202105,Model Answer of State Engineering Service Exam-2021 (29-08-2022),/assets/pdf/Model_Answer/MA_SES_2021_29082022.pdf,1
1657843200000,202218,Model Answer of Sahayak Kshetriya Privahan Adhikari & Parivahan Up Nirikshak (Tech.) Exam-2022 (15-07-2022),/assets/pdf/Model_Answer/MA_ARTO_TSI_2022_15072022.pdf,1
1657843200000,202219,Model Answer of Boiler Inspector Exam-2022 (15-07-2022),/assets/pdf/Model_Answer/MA_BOI_2022_15072022.pdf,1
1657843200000,202209,Model Answer of Dental Surgeon Exam-2022 (15-07-2022),/assets/pdf/Model_Answer/MA_DSS_2022_15072022.pdf,1
1657843200000,202216,Model Answer of Homoeopathy Medical Officer Exam-2022 (15-07-2022),/assets/pdf/Model_Answer/MA_hmo_2022_15072022.pdf,1
1656633600000,202207,Model Answer of Mining Officer & Assistant Geologist Exam-2022 & Deputy Superintendent of Police (Radio) Exam-2022 (01-07-2022),/assets/pdf/Model_Answer/MA_MO_AG_DSPR_2022_01072022.pdf,1
1656115200000,202211,Model Answer of Assistant Research Officer Exam-2022 (25-06-2022),/assets/pdf/Model_Answer/MA_ARO_2022_25062022.pdf,1
1651708800000,202117,Model Answer of Law Officer (Home Jail Dept.) Exam-2021 & Law Officer (CGPSC) Exam-2022 (05-05-2022),/assets/pdf/Model_Answer/MA_LAWH_LAWC_05052022.pdf,1
1651708800000,202115,Model Answer of Assistant Director Handloom Exam-2021 & Assistant Registrar Exam-2022 (05-05-2022),/assets/pdf/Model_Answer/MA_ADH_AR_05052022.pdf,1
1651536000000,202118,Model Answer of Pracharya Verg-1 & Verg-2 Exam-2021 (03-05-2022),/assets/pdf/Model_Answer/MA_p1p2_2021_03052022.pdf,1
1651536000000,202116,"Model Answer of Assistant Director, Resham Exam-2021 (03-05-2022)",/assets/pdf/Model_Answer/MA_adr_2021_03052022.pdf,1
1651536000000,202203,Model Answer of Scientific Officer (Chemistry) Exam -2022 (03-05-2022),/assets/pdf/Model_Answer/MA_soc_2022_03052022.pdf,1
1651536000000,202202,"Model Answer of Assistant Director (Dept. of Planning, Economics & Statistics) Exam-2022 (03-05-2022)",/assets/pdf/Model_Answer/MA_adpes_2022_03052022.pdf,1
1644796800000,202109,Model Answer of State Service (Prelims) Exam-2021(14-02-2022),/assets/pdf/Model_Answer/MA_SSPE_2021_14022022.pdf,1
1639353600000,202106,Model Answer of Sahayak Jila Lok Abhiyojan Adhikari Exam- 2021 (13-12-2021),/assets/pdf/Model_Answer/MA_ADPPO_2021_13122021.pdf,1
1638835200000,202007,Model Answer of CG Forest Service (Combined) Exam- 2020 (07-12-2021),/assets/pdf/Model_Answer/MA_CGFSE_2020_07122021.pdf,1
1637884800000,202104,Model Answer of Veterinary Assistant Surgeon-2021(26-11-2021),/assets/pdf/Model_Answer/MA_VAS_2021_26112021.pdf,1
1629936000000,202102,"Model Answer of Registrar, Deputy Registrar, Assistant Registrar Exam-2020, Assistant Director Public Relation (Hindi Medium) Exam -2021 & Registrar (College) Exam-2021-(26-08-2021)",/assets/pdf/Model_Answer/MA_RDRAR_ADJ_RC_26082021.pdf,1
1615680000000,202009,Amended Model Answer of State Service (Prelims) Exam-2020-(14-03-2021),/assets/pdf/Model_Answer/AMA_SSPE_2020_14032021.pdf,1
1613347200000,202009,Model Answer of State Service (Prelims) Exam-2020-(15-02-2021),/assets/pdf/Model_Answer/MA_SSPE_2020_15022021.pdf,1
1611273600000,202001,Model Answer of State Engineering Service Exam-2020-(22-01-2021),/assets/pdf/Model_Answer/MA_SES_2020_22012021.pdf,1
1610928000000,201902,Amended Model Answer of Assistant Professor (Higher Education Dept.) Exam-2019,/assets/pdf/Model_Answer/AMA_AP_2019/PN_AMA_AP_2019_18012021.pdf,1
1610928000000,201902,SUBJECT WISE AMENDED MODEL ANSWER- (18-01-2021),https://psc.cg.gov.in/HTM/AMA_AP_2019.HTML,1
1610928000000,202006,Amended Model Answer of Assistant Director Agriculture Exam-2020-(18-01-2021),/assets/pdf/Model_Answer/AMA_ADA_2020_18012021.pdf,1
1610409600000,202005,Amended Model Answer of Insurance Medical Officer Exam-2020-(12-01-2021),/assets/pdf/Model_Answer/AMA_IMO_2020_12012021.pdf,1
1610409600000,202003,"Amended Model Answer of Assistant Geo-Hydrologist, Assistant Geo-Physics, Assistant Geo-Chemist Exam-2020 (12-01-2021)",/assets/pdf/Model_Answer/AMA_AGH_AGP_AGC_2020_12012021.pdf,1
1609545600000,202008,"Amended Model Answer of Assistant Director, Jansampark (English Medium) Exam-2020-(02-01-2021)",/assets/pdf/Model_Answer/AMA_ADJEM_2020_02012021.pdf,1
1640476800000,201907,Final Amended Model Answer of State Service (Prelims) Exam-2019 (26-12-2020),/assets/pdf/Model_Answer/FAMA_SSPE_2019_26122020.pdf,1
1608422400000,202002,Amended Model Answer of Civil Judge Exam-2020 (20-12-2020),/assets/pdf/Model_Answer/AMA_CJ_2020_20122020.pdf,1
1608163200000,202006,Model Answer of Assistant Director Agriculture Exam-2020-(17-12-2020),/assets/pdf/Model_Answer/MA_ADA_2020_17122020.pdf,1
1607472000000,202005,Model Answer of Insurance Medical Officer Exam-2020-(09-12-2020),/assets/pdf/Model_Answer/MA_IMO_2020_09122020.pdf,1
1606867200000,202008,"Model Answer of Assistant Director, Jansampark (English Medium) Exam-2020-(02-12-2020)",/assets/pdf/Model_Answer/MA_ADJEM_2020_02122020.pdf,1
1606521600000,202003,"Model Answer of Assistant Geo-Hydrologist, Assistant Geo-Physics, Assistant Geo-Chemist Exam-2020-(28-11-2020)",/assets/pdf/Model_Answer/MA_AGH_AGP_AGC_2020_28112020.pdf,1
1606176000000,201902,Model Answer of Assistant Professor (Higher Education Dept.) Exam-2019-(24-11-2020),/assets/pdf/Model_Answer/MA_AP_2019_24112020.pdf,1
1605744000000,201902,Model Answer of Assistant Professor (Higher Education Dept.) Exam-2019 -(19-11-2020),/assets/pdf/Model_Answer/MA_AP_2019_19112020.pdf,1
1605139200000,202002,Model Answer of Civil Judge Exam-2020 ,/assets/pdf/Model_Answer/MA_CJ_2020_12112020.pdf,1
1590710400000,201907,Amended Model Answer of State Service (Prelims) Exam-2019,/assets/pdf/Model_Answer/AMA_SSPE_2019.pdf,1
1581465600000,201907,Model Answer of State Service (Prelims) Exam-2019,/assets/pdf/Model_Answer/MA_SSPE_2019.pdf,1
1580947200000,201905,Amended Model Answer of Librarian and Sports Officer Exam-2019,/assets/pdf/Model_Answer/AMA_Lib_SO_2019.pdf,1
1575504000000,201905,Model Answer of Librarian and Sports Officer Exam-2019 ,/assets/pdf/Model_Answer/MA_LSO_2019.pdf,1
1575504000000,201905,Online Objection Instruction,/assets/pdf/Model_Answer/LSO_2019_Obj_Instruction.pdf,1
1575504000000,201905,Question Paper-Librarian ,/assets/pdf/Model_Answer/qp_librarian_2019.pdf,1
1575504000000,201905,Question Paper-Sports Officer,/assets/pdf/Model_Answer/qp_sports_officer_2019.pdf,1
1571961600000,201904,"Amended Model Answer of Assistant Director (Planning, Economics, Statistics) Exam-2019",/assets/pdf/Model_Answer/AMA_ADPES_2019.pdf,1
1570752000000,201810,Amended Model Answer of Assistant Director Research Exam-2018,/assets/pdf/Model_Answer/AMA_AD_R_2018.pdf,1
1570752000000,201810,"Amended Model Answer of Assistant Director (Survey, Planning) Exam-2018",/assets/pdf/Model_Answer/AMA_AD_PS_2018.pdf,1
1568937600000,201810,Model Answer of Assistant Director Research-2018 ,/assets/pdf/Model_Answer/MA_ADR_2018.pdf,1
1568937600000,201810,Question Paper-Commerce ,/assets/pdf/Model_Answer/QP_ADR2018_Commerce.pdf,1
1568937600000,201810,Question Paper-Economics,/assets/pdf/Model_Answer/QP_ADR2018_Economics.pdf,1
1568937600000,201810,Question Paper-Geography,/assets/pdf/Model_Answer/QP_ADR2018_Geography.pdf,1
1568937600000,201810,Question Paper-Mathematics,/assets/pdf/Model_Answer/QP_ADR2018_Mathematics.pdf,1
1568937600000,201810,Question Paper-Social Science,/assets/pdf/Model_Answer/QP_ADR2018_Social_Science.pdf,1
1568937600000,201810,Question Paper-Statistics,/assets/pdf/Model_Answer/QP_ADR2018_Statistics.pdf,1
1564963200000,201810,"Model Answer of Assistant Director Survey 2018, Assistant Director Planning 2018,Assistant Director (Planning, Economics, Statistics) Exam-2019 ",/assets/pdf/Model_Answer/MA_ADSURVEY18-ADPLANNING18_ADPES19.pdf,1
1564963200000,201810,Question Paper (AD-Survey) 2018,/assets/pdf/Model_Answer/QP_ADSURVEY2018.pdf,1
1564963200000,201810,Question Paper (AD-Planning) 2018,/assets/pdf/Model_Answer/QP_ADplanning2018.pdf,1
1564963200000,201810,Question Paper (AD-PES) 2018,/assets/pdf/Model_Answer/QP_AD_PES2019.pdf,1
1563321600000,201801,Amended Model Answer of Peon/Dak Runner/Driver/Farrash (CGPSC) Exam-2018 ,/assets/pdf/Model_Answer/AMA_CGPSC2_2018.pdf,1
1561161600000,201903,Amended Model Answer of Civil Judge Exam-2019 ,/assets/pdf/Model_Answer/AMA_CJ_2019.pdf,1
1560124800000,201809,Amended Model Answer of Chief Municipal Officer (Varg 'Kha' & 'Ga') Exam- 2018 ,/assets/pdf/Model_Answer/AMA_CMO_2018.pdf,1
1558915200000,201801,Model Answer of Peon/Dak Runner/Driver/Farrash (CGPSC) Exam-2018 ,/assets/pdf/Model_Answer/MA_CGPSC2_2018.pdf,1
1557273600000,201903,Model Answer of Civil Judge Exam-2019 ,/assets/pdf/Model_Answer/MA_CJ_2019.pdf,1
1557273600000,201903,Question Paper ,/assets/pdf/Model_Answer/QP_CJ_2019.pdf,1
1557187200000,201809,Model Answer of Chief Municipal Officer (Varg 'Kha' & 'Ga') Exam- 2018 ,/assets/pdf/Model_Answer/MA_CMO_2018.pdf,1
1557187200000,201808,Amended Model Answer of Assistant Director Jansampark Exam- 2018 ,/assets/pdf/Model_Answer/AMA_ADJ_2018.pdf,1
1554681600000,201807,Amended Model Answer of State Service (Prelims) Exam- 2018 ,/assets/pdf/Model_Answer/AMA_SSPE_2018.pdf,1
1553558400000,201808,Model Answer of Assistant Director Jansampark Exam- 2018,/assets/pdf/Model_Answer/MA_ADJ_2018.pdf,1
1553558400000,201808,Question Paper ,/assets/pdf/Model_Answer/QP_ADJ_2018.pdf,1
1550880000000,201807,Model Answer of State Service (Prelims) Exam- 2018 ,/assets/pdf/Model_Answer/MA_SSPE_2018.pdf,1
1535500800000,201715,Amended Model Answer of CG Forest Service (Combined) Exam- 2017 ,/assets/pdf/Model_Answer/AMA_CGFSE_2017.pdf,1
1535500800000,201801,Amended Model Answer of various posts of CGPSC Exam- 2018 and Astt. Grade-3 (CGPSC)-2015 (Exam Date-28th June 2018) ,/assets/pdf/Model_Answer/AMA_CGPSC_2018_2015.pdf,1
1533772800000,201802,Model Answer of Various Posts of Sports and Youth Welfare Dept.Exam- 2018 (Exam Date-29th July 2018) ,/assets/pdf/Model_Answer/MA_YW_2018.pdf,1
1533772800000,201802,QUESTION PAPER ,/assets/pdf/Model_Answer/QP_AD_ADMIN_SO_2018.pdf,1
1532304000000,201802,Model Answer of Youth Welfare Officer Exam- 2018 (Exam Date-10th July 2018) ,/assets/pdf/Model_Answer/MA_YWO_2018.pdf,1
1532304000000,201802,QUESTION PAPER ,/assets/pdf/Model_Answer/QP_YWO_2018.pdf,1
1530835200000,201801,Model Answer of various posts of CGPSC Exam- 2018 and Astt. Grade-3 (CGPSC)-2015 (Exam Date-28th June 2018) ,/assets/pdf/Model_Answer/MA_CGPSC_2018_2015.pdf,1
1530835200000,201801,1-QUESTION PAPER-LIBRARIAN & STORE KEEPER ,/assets/pdf/Model_Answer/QP_CGPSC_2018_2015/LIB_SK_2018.pdf,1
1530835200000,201801,"2-QUESTION PAPER-AG-3, STENO TYPIST, STENO GRAPHER GRADE-3 AND AG-3(BACKLOG) ",/assets/pdf/Model_Answer/QP_CGPSC_2018_2015/AG3_ST_STENO3_2018.pdf,1
1523059200000,201714,Amended Model Answer of State Service Exam (Prelims) - 2017 ,/assets/pdf/Model_Answer/AMA_SSPE_2017.pdf,1
1519257600000,201714,MODEL ANSWER OF STATE SERVICE (PRELIMS) EXAM-2017 (AS PER THE ORDER OF HON'BLE HIGH COURT DATED 15-05-2018 & 16-05-2018) ,/assets/pdf/Model_Answer/SSPE_2017_MA_3561_3766.pdf,1
1522800000000,201715,Model Answer of CG Forest Service (Combined) Exam- 2017 ,/assets/pdf/Model_Answer/MA_CGFSE_2017.pdf,1
1520812800000,201711,Amended Model Answer of Ayurved Medical Officer Exam -2017 (Exam Date-25th Jan 2018),/assets/pdf/Model_Answer/AMA_AMO_2017.pdf,1
1520467200000,201713,Model Answer of State Engineering Service Exam -2017 ,/assets/pdf/Model_Answer/MA_SES_2017.pdf,1
1520467200000,201713,QUESTION PAPER- GENERAL STUDIES ,/assets/pdf/Model_Answer/QP_GS_SES_2017.pdf,1
1520467200000,201713, QUESTION PAPER-CIVIL ENGINEERING,/assets/pdf/Model_Answer/QP_CIVIL_ENGG_SES_2017.pdf,1
1520467200000,201713, QUESTION PAPER-ELECTRICAL ENGINEERING ,/assets/pdf/Model_Answer/QP_ELECT_ENGG_SES_2017.pdf,1
1520467200000,201713,QUESTION PAPER-MECHANICAL ENGINEERING ,/assets/pdf/Model_Answer/QP_MECH_ENGG_SES_2017.pdf,1
1519257600000,201710,Amended Model Answer of Legal Officer and Registrar Exam -2017 ,/assets/pdf/Model_Answer/AMA_LO_REG_2017.pdf,1
1519257600000,201714,Model Answer of State Service Exam (Prelims) - 2017 ,/assets/pdf/Model_Answer/MA_SSPE_2017.pdf,1
1517443200000,201711,Model Answer of Ayurved Medical Officer Exam -2017 ,/assets/pdf/Model_Answer/MA_AMO_2017.pdf,1
1517443200000,201711,Question Paper (Exam Date-25th Jan 2018),/assets/pdf/Model_Answer/QP_AMO_2017.pdf,1
1515024000000,201706,Model Answer of Legal Officer and Registrar Exam -2017 ,/assets/pdf/Model_Answer/MA_LO_REG_2017.pdf,1
1515024000000,201710,Question Paper Legal Officer ,/assets/pdf/Model_Answer/QP_LO_2017.pdf,1
1515024000000,201706,Question Paper Registrar (Exam Date-22nd Dec 2017),/assets/pdf/Model_Answer/QP_REG_2017.pdf,1
1545782400000,201708,"Amended Model Answer of Astt. Director, Handloom Exam -2017 (Exam Date-18th Nov 2017)",/assets/pdf/Model_Answer/AMEND_MA_ADH_2017.pdf,1
1514246400000,201709,"Amended Model Answer of Homoeopathy Medical Officer Exam -2017, Lecturer (Mech. Engg.), Librarian (Exam Date-13th Oct 2017)",/assets/pdf/Model_Answer/AMEND_MA_HMO_LECT_LIB_2017.pdf,1
1543017600000,201708,"Model Answer of Astt. Director, Handloom Exam -2017 ",/assets/pdf/Model_Answer/MA_ADh_2017.pdf,1
1543017600000,201708,Question Paper (Exam Date-18th Nov 2017),/assets/pdf/Model_Answer/QP_ADH_2017.pdf,1
1509926400000,201704,"Amended Model Answer of Astt. Director, Sericulture Exam -2017 ",/assets/pdf/Model_Answer/AMA_ADS_2017.pdf,1
1509926400000,201707,Amended Model Answer of Librarian and Sports Officer Exam-2017,/assets/pdf/Model_Answer/AMA_LIB_SO_2017.pdf,1
1509580800000,201706,"Model Answer of Homoeopathy Medical Officer Exam -2017, Lecturer (Mech. Engg.), Librarian (Exam Date-13th Oct 2017) ",/assets/pdf/Model_Answer/MA_13TH_OCT_2017.pdf,1
1509580800000,201709,Question Paper(HMO-2017),/assets/pdf/Model_Answer/QP_HMO_2017.pdf,1
1509580800000,201707,Question Paper(Lecturer-2017),/assets/pdf/Model_Answer/QP_lect_2017.pdf,1
1509580800000,201707, Question Paper(Librarian-2017),/assets/pdf/Model_Answer/QP_lib_2017.pdf,1
1505260800000,201702,"Amended Model Answer of Scientific Officer (Chemistry), Scientific Officer (Botany) Exam -2017 (Exam Date-09th July 2017)",/assets/pdf/Model_Answer/AMA_SO_CHEM_BOTA_2017.pdf,1
1505260800000,201703,Amended Model Answer of Sahayak Jila Lok Abhiyojan Adhikari Exam -2017 (Exam Date-09th July 2017),/assets/pdf/Model_Answer/AMA_ADPPO_2017.pdf,1
1503964800000,201705,Amended Model Answer of Civil Judge(Entry Level) Exam-2017 ,/assets/pdf/Model_Answer/AMA_CJP_2017.pdf,1
1501632000000,201704,"Model Answer of Astt. Director, Sericulture Exam -2017 (Exam Date-23rd July 2017) ",/assets/pdf/Model_Answer/MA_ADS_2017.pdf,1
1501632000000,201704,Question Paper,/assets/pdf/Model_Answer/QP_ADS_2017.pdf,1
1500422400000,201703,Model Answer of Sahayak Jila Lok Abhiyojan Adhikari Exam -2017 (Exam Date-09th July 2017),/assets/pdf/Model_Answer/MA_ADPPO_2017.pdf,1
1500422400000,201703,Question Paper,/assets/pdf/Model_Answer/QP_ADPPO_2017.pdf,1
1500940800000,201701,"Model Answer of Librarian, Sports Officer & Scientific Officer (Chemistry), Scientific Officer (Botany) Exam -2017 (Exam Date-09th July 2017) ||NOTIFICATION|| Question Paper(Librarian)|| Question Paper (Sports Officer) || Question Paper(Scientific Officer- Chemistry)|| Question Paper (Scientific Officer- Botany)",/assets/pdf/Model_Answer/MA_LIB_SO_SOC_SOB_2017.pdf,1
1500940800000,201702,NOTIFICATION,/assets/pdf/Model_Answer/MA_LIB_SO_SOC_SOB_2017_NOTIFICATION.pdf,1
1500940800000,201701,Question Paper(Librarian),/assets/pdf/Model_Answer/QP_Lib_2017.pdf,1
1500940800000,201701,Question Paper (Sports Officer) ,/assets/pdf/Model_Answer/QP_SO_2017.pdf,1
1500940800000,201702,Question Paper(Scientific Officer- Chemistry,/assets/pdf/Model_Answer/QP_SOC_2017.pdf,1
1500940800000,201702,Question Paper (Scientific Officer- Botany),/assets/pdf/Model_Answer/QP_SOB_2017.pdf,1
1498780800000,201705,Model Answer of Civil Judge (Entry Level) Exam -2017 (Exam Date-25th June 2017) ,/assets/pdf/Model_Answer/MA_CJP_2017.pdf,1
1498780800000,201705,Question Paper,/assets/pdf/Model_Answer/QP_CJP_2017.pdf,1
1496880000000,201411,"Amended Model Answer of Astt. Professor, (English) Exam -2014 (Exam Date-26th March 2017)",/assets/pdf/Model_Answer/AMA_AP_ENG_2014_26_03.pdf,1
1495238400000,201609,"Amended Model Answer of Astt. Director, Industry/Manager Exam -2016 ",/assets/pdf/Model_Answer/AMA_ADIM_2016.pdf,1
1493856000000,201411,Model Answer of Astt. Professor (English) Exam -2014 (Exam Date-26th March 2017) || Question Paper,/assets/pdf/Model_Answer/MA_APE_2014.pdf,1
1493856000000,201411,Question Paper,/assets/pdf/Model_Answer/QP_ENGLISH_AP_2014_26th_March_2017.pdf,1
1492819200000,201501,Amended Model Answer of Various Posts Advertised for HFW Dept. (Exam Date -16th July 2016),/assets/pdf/Model_Answer/AMEND_MA_MED1415_2.pdf,1
1490745600000,201611,Amended Model Answer of State Service Exam (Prelims) - 2016 ,/assets/pdf/Model_Answer/AMA_SSPE2016.pdf,1
1490659200000,201609,"Model Answer of Astt. Director, Industry/Manager Exam -2016 ",/assets/pdf/Model_Answer/MA_ADIM_2016.pdf,1
1490227200000,201608,Final Amended Model Answer of Civil Judge Exam-2016 ,/assets/pdf/Model_Answer/Final_AMA_CJP2016.pdf,1
1487721600000,201611,Model Answer of State Service Exam (Prelims) - 2016 ,/assets/pdf/Model_Answer/SSE2016_MA.pdf,1
1487721600000,201604,"Amended Model Answer of Assistant Director (Planning, Survey) Exam-2016 ",/assets/pdf/Model_Answer/AMEND_MA_ADPS2016.pdf,1
1487721600000,201607,Amended Model Answer of ARTO & TSI Exam-2016 ,/assets/pdf/Model_Answer/AMEND_MA_ARTO2016.pdf,1
1485907200000,201601,Amended Model Answer of Principal (Verg-2) Exam-2016 ,/assets/pdf/Model_Answer/AMA_PG22016.pdf,1
1485129600000,201608,Amended Model Answer of Civil Judge Exam-2016 ,/assets/pdf/Model_Answer/AMA_CJP2016.pdf,1
1484179200000,201607,Model Answer of ARTO & TSI Exam-2016 ,/assets/pdf/Model_Answer/MA_ARTOTSI2016.pdf,1
1484179200000,201607, Question Paper,/assets/pdf/Model_Answer/QP_ARTOTSI2016.pdf,1
1484179200000,201604,"Model Answer of Assistant Director (Planning, Survey) Exam-2016 ",/assets/pdf/Model_Answer/MA_ADPS2016.pdf,1
1484179200000,201604,Question Paper,/assets/pdf/Model_Answer/QP_ADPS2016.pdf,1
1482796800000,201411,Amended Model Answer of Assistant Professor Exam-2014 (Exam Date 28th Sep 2016),/assets/pdf/Model_Answer/AMA_AP2014-2nd_Phase.pdf,1
1482364800000,201411,Amended Model Answer of Assistant Professor Exam-2014,/assets/pdf/Model_Answer/AMA_AP2014.pdf,1
1481760000000,201608,Model Answer of Vayavhaar Nyayadhish (Entry Level) Exam-2016 ,/assets/pdf/Model_Answer/MA_CJ2016.pdf,1
1481760000000,201608,Question Paper,/assets/pdf/Model_Answer/QP_CJ2016.pdf,1
1481241600000,201606,Amended Model Answer of State Engineering Service Exam-2016,/assets/pdf/Model_Answer/AMEND_MA_SES2016.pdf,1
1480377600000,201411,Model Answer of Astt. Professor Exam-2014 (Exam Date - 28th Sep 2016),/assets/pdf/Model_Answer/MA_AP2014_2.pdf,1
1480377600000,201411,1. ENGLISH,/assets/pdf/Model_Answer/QP2ndphase/QP_AP2014/AP01.pdf,1
1480377600000,201411,2. PHYSICS,/assets/pdf/Model_Answer/QP2ndphase/QP_AP2014/AP02.pdf,1
1480377600000,201411,3. POLITICAL SCIENCE,/assets/pdf/Model_Answer/QP2ndphase/QP_AP2014/AP03.pdf,1
1480377600000,201411,4. HINDI,/assets/pdf/Model_Answer/QP2ndphase/QP_AP2014/AP04.pdf,1
1480377600000,201411,5. SANSKRIT,/assets/pdf/Model_Answer/QP2ndphase/QP_AP2014/AP05.pdf,1
1480377600000,201411,6. MICROBIOLOGY,/assets/pdf/Model_Answer/QP2ndphase/QP_AP2014/AP06.pdf,1
1480377600000,201411,7. HOME SCIENCE,/assets/pdf/Model_Answer/QP2ndphase/QP_AP2014/AP07.pdf,1
1480377600000,201411,8. COMMERCE,/assets/pdf/Model_Answer/QP2ndphase/QP_AP2014/AP08.pdf,1
1480377600000,201411,9. CHEMISTRY,/assets/pdf/Model_Answer/QP2ndphase/QP_AP2014/AP09.pdf,1
1480377600000,201411,10. MATHEMATICS,/assets/pdf/Model_Answer/QP2ndphase/QP_AP2014/AP10.pdf,1
1480377600000,201411,11. ECONOMICS,/assets/pdf/Model_Answer/QP2ndphase/QP_AP2014/AP11.pdf,1
1480377600000,201411,12. HISTORY,/assets/pdf/Model_Answer/QP2ndphase/QP_AP2014/AP12.pdf,1
1480377600000,201411,13. BOTANY,/assets/pdf/Model_Answer/QP2ndphase/QP_AP2014/AP13.pdf,1
1480377600000,201411,14. ZOOLOGY,/assets/pdf/Model_Answer/QP2ndphase/QP_AP2014/AP14.pdf,1
1480377600000,201411,15. GEOGRAPHY,/assets/pdf/Model_Answer/QP2ndphase/QP_AP2014/AP15.pdf,1
1480377600000,201411,16. SOCIOLOGY,/assets/pdf/Model_Answer/QP2ndphase/QP_AP2014/AP16.pdf,1
1480377600000,201411,17. GEOLOGY,/assets/pdf/Model_Answer/QP2ndphase/QP_AP2014/AP19.pdf,1
1480377600000,201411,18. BIOTECHNOLOGY,/assets/pdf/Model_Answer/QP2ndphase/QP_AP2014/AP23.pdf,1
1480377600000,201411,19. LAW,/assets/pdf/Model_Answer/QP2ndphase/QP_AP2014/AP27.pdf,1
1480032000000,201501,Amended Model Answer of Various Posts Advertised for HFW Dept. (Exam Date -16th July 2016),/assets/pdf/Model_Answer/AMEND_MA_MED1415.pdf,1
1479945600000,201601,Model Answer of Principal (Verg-2) Exam-2016|| Question Paper,/assets/pdf/Model_Answer/MA_PG2_2016.pdf,1
1479945600000,201601,Question Paper,/assets/pdf/Model_Answer/QP_PG2_2016.pdf,1
1477612800000,201603,Amended Model Answer of CG Forest Service (Combined )Exam-2016,/assets/pdf/Model_Answer/AMA_CGFSE2016.pdf,1
1476748800000,201606,Model Answer of State Engineering Service Exam-2016,/assets/pdf/Model_Answer/MA_SES2016.pdf,1
1475712000000,201513,Amended Model Answer of Various Posts Advertised for DTE (Exam Date -17th July 2016),/assets/pdf/Model_Answer/Amend_MA_DTE2015.pdf,1
1473206400000,201603,Model Answer of CG Forest Service (Combined )Exam-2016,/assets/pdf/Model_Answer/MA_CGFSE2016.pdf,1
1470441600000,201503,Amended Model Answer of Astt. Professor (Engg. College) & Lecturer (Polytechnic) Exam-2015 ,/assets/pdf/Model_Answer/AMEND_MA_APL2015.pdf,1
1470009600000,201503,Model Answer of Various Posts Advertised for DTE (Exam Date -17th July 2016),/assets/pdf/Model_Answer/MA_DTE2015.pdf,1
1470009600000,201503,1. Asst. Workshop Superintendent ,/assets/pdf/Model_Answer/QP_DTE2015/AWS.pdf,1
1470009600000,201503,2. Training & Placement Officer,/assets/pdf/Model_Answer/QP_DTE2015/TPO.pdf,1
1470009600000,201503,3. Chemistry,/assets/pdf/Model_Answer/QP_DTE2015/Chemistry.pdf,1
1470009600000,201503,4. Electrical & Electronics,/assets/pdf/Model_Answer/QP_DTE2015/EE.pdf,1
1470009600000,201503,5. English,/assets/pdf/Model_Answer/QP_DTE2015/English.pdf,1
1470009600000,201503,6. Mathematics,/assets/pdf/Model_Answer/QP_DTE2015/Mathematics.pdf,1
1470009600000,201503,7. Pharmacy,/assets/pdf/Model_Answer/QP_DTE2015/Pharmacy.pdf,1
1470009600000,201503,8. Physics,/assets/pdf/Model_Answer/QP_DTE2015/Physics.pdf,1
1470009600000,201501,Model Answer of Various Posts Advertised for HFW Dept. (Exam Date -16th July 2016),/assets/pdf/Model_Answer/MA_MED1415.pdf,1
1470009600000,201501,1. AP Bioinformatics ,/assets/pdf/Model_Answer/QP_HFW2014_15/AP_Bioinformatics.pdf,1
1470009600000,201501,2. AP Biotechnology & Jr SO Biochemistry ,/assets/pdf/Model_Answer/QP_HFW2014_15/AP_Biotech_Jr_SO_Biochem.pdf,1
1470009600000,201501,3. AP Physiotherapy ,/assets/pdf/Model_Answer/QP_HFW2014_15/AP_Physiotherapy.pdf,1
1470009600000,201501,4. Clinical and Child Psychology ,/assets/pdf/Model_Answer/QP_HFW2014_15/Clinical_and_Child_Psychology.pdf,1
1470009600000,201501,5. Demonstrator Nursing ,/assets/pdf/Model_Answer/QP_HFW2014_15/Demonstrator_Nursing.pdf,1
1470009600000,201501,6. Demonstrator Physiotherapy ,/assets/pdf/Model_Answer/QP_HFW2014_15/Demonstrator_Physiotherapy.pdf,1
1470009600000,201501,7. Dental Surgeon ,/assets/pdf/Model_Answer/QP_HFW2014_15/Dental_Surgeon.pdf,1
1470009600000,201501,8. PTI and Sport Officer ,/assets/pdf/Model_Answer/QP_HFW2014_15/PTI_and_Sport_Officer.pdf,1
1470009600000,201501,9. SO Toxicology ,/assets/pdf/Model_Answer/QP_HFW2014_15/SO_Toxicology.pdf,1
1470009600000,201501,10. Speech Pathologist Audologist Grade1 ,/assets/pdf/Model_Answer/QP_HFW2014_15/Speech_Pathologist_AudologistGrade1.pdf,1
1470009600000,201501,11. Speech_Therapist_Speech_Pathologist_AudiologistGrade2 ,/assets/pdf/Model_Answer/QP_HFW2014_15/Speech_Therapist_Speech_Pathologist_AudiologistGrade2.pdf,1
1467158400000,201512,Amended Model Answer of Vayavhaar Nyayadhish (Entry Level) Exam-2015,/assets/pdf/Model_Answer/AMEND_MA_CJ2015.pdf,1
1465171200000,201411,Model Answer of Astt. Professor Exam-2014,/assets/pdf/Model_Answer/MA_AP2014.pdf,1
1465171200000,201411,1. ENGLISH,/assets/pdf/Model_Answer/QP_AP2014/AP01.pdf,1
1465171200000,201411,2. PHYSICS,/assets/pdf/Model_Answer/QP_AP2014/AP02.pdf,1
1465171200000,201411,3. POLITICAL SCIENCE,/assets/pdf/Model_Answer/QP_AP2014/AP03.pdf,1
1465171200000,201411,4. HINDI,/assets/pdf/Model_Answer/QP_AP2014/AP04.pdf,1
1465171200000,201411,5. SANSKRIT,/assets/pdf/Model_Answer/QP_AP2014/AP05.pdf,1
1465171200000,201411,6. MICROBIOLOGY,/assets/pdf/Model_Answer/QP_AP2014/AP06.pdf,1
1465171200000,201411,7. HOME SCIENCE,/assets/pdf/Model_Answer/QP_AP2014/AP07.pdf,1
1465171200000,201411,8. COMMERCE,/assets/pdf/Model_Answer/QP_AP2014/AP08.pdf,1
1465171200000,201411,9. CHEMISTRY,/assets/pdf/Model_Answer/QP_AP2014/AP09.pdf,1
1465171200000,201411,10. MATHEMATICS,/assets/pdf/Model_Answer/QP_AP2014/AP10.pdf,1
1465171200000,201411,11. ECONOMICS,/assets/pdf/Model_Answer/QP_AP2014/AP11.pdf,1
1465171200000,201411,12. HISTORY,/assets/pdf/Model_Answer/QP_AP2014/AP12.pdf,1
1465171200000,201411,13. BOTANY,/assets/pdf/Model_Answer/QP_AP2014/AP13.pdf,1
1465171200000,201411,14. ZOOLOGY,/assets/pdf/Model_Answer/QP_AP2014/AP14.pdf,1
1465171200000,201411,15. GEOGRAPHY,/assets/pdf/Model_Answer/QP_AP2014/AP15.pdf,1
1465171200000,201411,16. SOCIOLOGY,/assets/pdf/Model_Answer/QP_AP2014/AP16.pdf,1
1465171200000,201411,17. TASER TECHNOLOGY,/assets/pdf/Model_Answer/QP_AP2014/AP17.pdf,1
1465171200000,201411,18. SERICULTURE,/assets/pdf/Model_Answer/QP_AP2014/AP18.pdf,1
1465171200000,201411,19. GEOLOGY,/assets/pdf/Model_Answer/QP_AP2014/AP19.pdf,1
1465171200000,201411,20. ANTHROLOGY,/assets/pdf/Model_Answer/QP_AP2014/AP20.pdf,1
1465171200000,201411,21. PSYCHOLOGY,/assets/pdf/Model_Answer/QP_AP2014/AP21.pdf,1
1465171200000,201411,22. COMPUTER SCIENCE,/assets/pdf/Model_Answer/QP_AP2014/AP22.pdf,1
1465171200000,201411,23. BIOTECHNOLOGY,/assets/pdf/Model_Answer/QP_AP2014/AP23.pdf,1
1465171200000,201411,24. SANSKRIT SAHITYA,/assets/pdf/Model_Answer/QP_AP2014/AP24.pdf,1
1465171200000,201411,25. INFORMATION TECHNOLOGY,/assets/pdf/Model_Answer/QP_AP2014/AP25.pdf,1
1465171200000,201411,26. COMPUTER APPLICATION,/assets/pdf/Model_Answer/QP_AP2014/AP26.pdf,1
1465171200000,201411,27. LAW,/assets/pdf/Model_Answer/QP_AP2014/AP27.pdf,1
1464134400000,201503,Model Answer of Astt. Professor (Engg. College) & Lecturer (Polytechnic) Exam-2015,/assets/pdf/Model_Answer/MA_APL2015.pdf,1
1462147200000,201512,Model Answer of Vayavhaar Nyayadhish (Entry Level) Exam-2015 ,/assets/pdf/Model_Answer/MA_CJ2015.pdf,1
1462147200000,201512,Question Paper,/assets/pdf/Model_Answer/QP_CJ2015.pdf,1
1461542400000,201508,Amended Model Answer of State Service (Prelims) Exam-2015,/assets/pdf/Model_Answer/AMA_SSPE2015.pdf,1
1461542400000,201504,Amended Model Answer of Scientific Officer Exam-2015,/assets/pdf/Model_Answer/AMA_SO2015.pdf,1
1456185600000,201508,Model Answer of State Service (Prelims) Exam-2015,/assets/pdf/Model_Answer/MA_SSPE2015.pdf,1
1456185600000,201504,Model Answer of Scientific Officer Exam-2015,/assets/pdf/Model_Answer/MA_SO2015.pdf,1
1456185600000,201504,1. Question Paper-Anthropology ,/assets/pdf/Model_Answer/QP_SO/Anthropology.pdf,1
1456185600000,201504,2. Question Paper-Bio Chemistry,/assets/pdf/Model_Answer/QP_SO/Biochemistry.pdf,1
1456185600000,201504,3. Question Paper-Bio Technology,/assets/pdf/Model_Answer/QP_SO/Biotechnology.pdf,1
1456185600000,201504,4. Question Paper-Botany,/assets/pdf/Model_Answer/QP_SO/Botany.pdf,1
1456185600000,201504,5. Question Paper-Chemistry,/assets/pdf/Model_Answer/QP_SO/Chemistry.pdf,1
1456185600000,201504,6. Question Paper-Electronics,/assets/pdf/Model_Answer/QP_SO/Electronics.pdf,1
1456185600000,201504,7. Question Paper-Forensic Biology Forensic Serology,/assets/pdf/Model_Answer/QP_SO/Forensic_Biology_Forensic_Serology.pdf,1
1456185600000,201504,8. Question Paper-Forensic Chemistry Forensic Toxicology,/assets/pdf/Model_Answer/QP_SO/Forensic_Chemistry_Forensic_Toxicology.pdf,1
1456185600000,201504,9. Question Paper-Forensic Physics Forensic Ballistics ,/assets/pdf/Model_Answer/QP_SO/Forensic_Physics_Forensic_Ballistics.pdf,1
1456185600000,201504,10. Question Paper-Microbiology,/assets/pdf/Model_Answer/QP_SO/Microbiology.pdf,1
1456185600000,201504,11. Question Paper-Physics,/assets/pdf/Model_Answer/QP_SO/Physics.pdf,1
1456185600000,201504,12. Question Paper-Zoology,/assets/pdf/Model_Answer/QP_SO/Zoology.pdf,1
1449100800000,201414,"Amended Model Answer of Assistant Director, Horticulture Exam-2014, Boiler Inspector Exam-2015",/assets/pdf/Model_Answer/Amend_MA_BI2015_ADH2014.pdf,1
1441670400000,201414,"Model Answer of Assistant Director, Horticulture Exam-2014, Boiler Inspector Exam-2015 || Question Paper - Assistant Director, Horticulture Exam-2014 || Question Paper -Boiler Inspector Exam-2015 ",/assets/pdf/Model_Answer/MA_BI2015_ADH2014.pdf,1
1441670400000,201414,"Question Paper - Assistant Director, Horticulture Exam-2014",/assets/pdf/Model_Answer/QP_ADH2014.pdf,1
1441670400000,201502,Question Paper -Boiler Inspector Exam-2015,/assets/pdf/Model_Answer/QP_BI2015.pdf,1
1439510400000,201412,Amended Model Answer of State Engineering Service Exam-2014,/assets/pdf/Model_Answer/Amend_MA_SES2014.pdf,1
1437696000000,201413,Amended Model Answer of State Service (Prelims) Exam-2014 ,/assets/pdf/Model_Answer/Amend_MA_SSPE_2014.pdf,1
1433980800000,201413,Model Answer of State Service (Prelims) Exam-2014 ,/assets/pdf/Model_Answer/MA_SSPE_2014.pdf,1
1431475200000,201412,Model Answer of State Engineering Servicel Exam-2014,/assets/pdf/Model_Answer/MA_SES2014.pdf,1
1431475200000,201412, Question Paper - General Studies(Electrical + Mechanical) ,/assets/pdf/Model_Answer/QP_GS_ME.pdf,1
1431475200000,201412,Question Paper - General Studies(Agriculture + Civil) ,/assets/pdf/Model_Answer/QP_GS_AC.pdf,1
1431475200000,201412,Question Paper -Electrical Engineering Part-I,/assets/pdf/Model_Answer/QP_Electrical_I.pdf,1
1431475200000,201412,Question Paper -Electrical Engineering Part-II,/assets/pdf/Model_Answer/QP_Electrical_II.pdf,1
1431475200000,201412,Question Paper -Mechanical Engineering Part-I ,/assets/pdf/Model_Answer/QP_Mechanical_I.pdf,1
1431475200000,201412,Question Paper-Mechanical Engineering Part-II ,/assets/pdf/Model_Answer/QP_Mechanical_II.pdf,1
1431475200000,201412,Question Paper -Agriculture Engineering Part-I ,/assets/pdf/Model_Answer/QP_AG_I.pdf,1
1431475200000,201412,Question Paper-Agriculture Engineering Part-II,/assets/pdf/Model_Answer/QP_AG_II.pdf,1
1431475200000,201412,Question Paper -Civil Engineering Part-I ,/assets/pdf/Model_Answer/QP_Civil_I.pdf,1
1431475200000,201412,Question Paper-Civil Engineering Part-II ,/assets/pdf/Model_Answer/QP_Civil_II.pdf,1
1425945600000,201302,Amended Model Answer of Granthpal Exam-2013 ,/assets/pdf/Model_Answer/Amend_MA_Lib2013.pdf,1
1424304000000,201410,"Amended Model Answer of Assistant Director, Industrial Health & Safety Exam-2014 and Assistant Director (Planning, Research, Survey) Exam-2013",/assets/pdf/Model_Answer/AMEND_MA_ADIHS_PRS2014.pdf,1
1424304000000,201407,"Amended Model Answer of Registrar, Deputy Registrar, Assistant Registrar Exam-2014 and Assistant Director, Jansampark Exam-2014",/assets/pdf/Model_Answer/AMEND_MA_RDA_ADJ2014.pdf,1
1422489600000,201404,"Amended Model Answer of Mining Officer and Mining Inspector Exam-2014 and Assistant Research Officer, Assistant Planning Officer, Assistant Public Relation Officer Exam-2014",/assets/pdf/Model_Answer/Amend_MA_MIMO_AROAPOAPRO2014.pdf,1
1418688000000,201302,Model Answer of Granthpal Exam-2013 ,/assets/pdf/Model_Answer/MA_Lib2013.pdf,1
1418688000000,201302,Question Paper - General Studies ,/assets/pdf/Model_Answer/QP_LIB2013_01.pdf,1
1418688000000,201302,Question Paper -Library and Inforamtion Science ,/assets/pdf/Model_Answer/QP_LIB2013_02.pdf,1
1416355200000,201410,"Model Answer of Assistant Director (Planning, Research & Survey) Exam-2014 and Assistant Director Industrial Health & Safety Exam 2014",/assets/pdf/Model_Answer/MA_ADIHS_ADPRS2014.pdf,1
1416355200000,201410, Question Paper - General Studies and Aptitude Test ,/assets/pdf/Model_Answer/QP_ADIHS_ADPRS2014.pdf,1
1414195200000,201408,"Model Answer of Registrar, Deputy Registrar, Assistant Registrar Exam-2014 and Assistant Director Jansampark Exam 2014 ",/assets/pdf/Model_Answer/MA_RDAADJ2014.pdf,1
1414195200000,201408, Question Paper - General Studies ,/assets/pdf/Model_Answer/QP_RDAADJGS2014.pdf,1
1414195200000,201408,Question Paper - Aptitude Test ,/assets/pdf/Model_Answer/QP_RDAADJAT2014.pdf,1
1408406400000,201307,Amended Model Answer of State Service (Prelims) Exam-2013 ,/assets/pdf/Model_Answer/Amend_MA_SSPE2013.pdf,1
1408406400000,201306,Amended Model Answer of ABEO Exam-2013,/assets/pdf/Model_Answer/Amend_MA_ABEO2013.pdf,1
1407715200000,201403,Model Answer of Mining Officer and Mining Inspector Exam-2014 ,/assets/pdf/Model_Answer/MA_MIMO2014.pdf,1
1407715200000,201403,Question Paper- General Studies ,/assets/pdf/Model_Answer/QP_MIMOGS2014.pdf,1
1407715200000,201404,Question Paper- Mining Inspector - Geology ,/assets/pdf/Model_Answer/QP_MIGEO2014.pdf,1
1407715200000,201403,Question Paper- Mining Officer - Geology ,/assets/pdf/Model_Answer/QP_MOGEO2014.pdf,1
1407715200000,201406,"Model Answer of ARO, APO, APRO Exam-2014 ",/assets/pdf/Model_Answer/MA_AROAPOAPRO2014.pdf,1
1407715200000,201406,Question Paper - General Studies ,/assets/pdf/Model_Answer/QP_AROAPOAPROGS2014.pdf,1
1407715200000,201406,Question Paper - Aptitude Test ,/assets/pdf/Model_Answer/QP_AROAPOAT2014.pdf,1
1407196800000,201402,Amended Model Answer of Civil Judge (Entry Level) Exam-2014 ,/assets/pdf/Model_Answer/Amend_MA_CJ2014.pdf,1
1403395200000,201402,Model Answer of Civil Judge (Entry Level) Exam-2014,/assets/pdf/Model_Answer/MA_CJ2014.pdf,1
1403395200000,201402,QUESTION PAPER ,/assets/pdf/Model_Answer/QP_CJ2014.pdf,1
1403136000000,201307,Model Answer of State Service (Prelims) Exam-2013 ,/assets/pdf/Model_Answer/MA_SSPE_2013.pdf,1
1394582400000,201306,Model Answer of ABEO Exam -2013 ,/assets/pdf/Model_Answer/MA_ABEO.pdf,1
1393545600000,201201,"Amended Model Answer of Exam held on 29 September 2013 (Assistant Director Agriculture-2012, Veterinary Assistant Surgeon-2012, Assistant Director Fishries-2013 )",/assets/pdf/Model_Answer/AMA_29.pdf,1
1392768000000,201301,Amended Model Answer of Sahayak Jila Lok Abhiyojan Adhikari (ADPPO) Exam -2013,/assets/pdf/Model_Answer/AMEN_MA_ADPPO13.pdf,1
1392768000000,201201,Amended Model Answer of Sahayak Niyantrak Naap Taul Exam -2011,/assets/pdf/Model_Answer/AMEN_MA_ACNT11.pdf,1
1381104000000,201201,"Model Answer of Exam held on 29 September 2013 (Assistant Director Agriculture-2012, Veterinary Assistant Surgeon-2012, Assistant Director Fishries-2013 )",/assets/pdf/Model_Answer/MA_29.pdf,1
1381104000000,201201,List of Suvidha Kendra,/assets/pdf/Model_Answer/lst_sk.pdf,1
1380240000000,201301,Model Answer of Sahayak Jila Lok Abhiyojan Adhikari (ADPPO) Exam -2013,/assets/pdf/Model_Answer/MA_ADPPO13.pdf,1
1380240000000,201301,List of Suvidha Kendra,/assets/pdf/Model_Answer/lst_sk.pdf,1
1380240000000,201202,Amended Model Answer of State Service Prelims Exam -2012,/assets/pdf/Model_Answer/AMEND_MA_SSEP2012.pdf,1
1379376000000,201106,Amended Model Answer of State Service Mains Exam -2011,/assets/pdf/Model_Answer/AMEND_MA_SSEM2011.pdf,1
1378252800000,201103,Model Answer of Assistant Controller- Naap Taul Exam-2011 : Instruction for Online Objections ,/assets/pdf/Model_Answer/MA_ACNT2013.pdf,1
1378252800000,201103,GS,/assets/pdf/Model_Answer/01.pdf,1
1378252800000,201103,PHYSICS,/assets/pdf/Model_Answer/02.pdf,1
1378252800000,201103,List of Suvidha Kendra,/assets/pdf/Model_Answer/lst_sk.pdf,1
1378252800000,201103,Click here for Online Objection (From 12 Sep 2013 to 27 Sep 2013),https://www.mponline.gov.in/Portal/Examinations/CGPSC/Forms/Objection/FormEntry.aspx,1
1378252800000,201103,Click here to Check Application Status ,http://www.mponline.gov.in/Portal/Examinations/CGPSC/Forms/objection/FormUnPaid.aspx,1
1378252800000,201103,Click here for Duplicate Receipt ,http://www.mponline.gov.in/Portal/Examinations/CGPSC/Forms/objection/FormPaid.aspx,1
1371168000000,201202,Model Answer of State Service Exam (Prelims)-2012,/assets/pdf/Model_Answer/MA_SSEP2012.pdf,1
1368489600000,201106,"Model Answer of State Service Mains Exam -2011 (Subject Code- 11, 19, 20, 26 & 27 ) ",/assets/pdf/Model_Answer/MA_SSME_2011_1.pdf,1
1368576000000,201106,"Subject Code- 05,07,13,21,23,24 & 25 ",/assets/pdf/Model_Answer/MA_SSME_2011_2.pdf,1
1368748800000,201106,"Subject Code- 01, 02, 03, 04, 06, 08, 09, 10, 12, 14, 15, 16, 17, 18, 22 ",/assets/pdf/Model_Answer/MA_SSME_2011_3.pdf,1
1368748800000,201106,Instruction for Online Objection,/assets/pdf/Model_Answer/ins_ma.pdf,1
1368748800000,201106,List of Suvidha Kendra,/assets/pdf/Model_Answer/lst_sk.pdf,1
1343174400000,201106,Amended Model Answer of State Service Exam (Prelims) -2011,/assets/pdf/Model_Answer/AMEND_MA_SSEP2011.pdf,1
1338336000000,200810,Amended Model Answer of State Service Mains Exam -2008,/assets/pdf/Model_Answer/AMEND_MA_SSEM2008.pdf,1
1336348800000,201106,Model Answer of State Service Exam (Prelims)-2011,/assets/pdf/Model_Answer/MA_SSEP2011.pdf,1
1332720000000,200810,Model Answer of State Service Mains Exam -2008 (Subject Code- 26 & 27) ,/assets/pdf/Model_Answer/MA_SSME_2008_26_27.pdf,1
1332979200000,200810,Subject Code- 01 to 25,/assets/pdf/Model_Answer/MA_SSME_2008_01_to_25.pdf,1
1327276800000,201101,Model Answer of Assistant Director (Haathkargha)Exam-2011,/assets/pdf/Model_Answer/MA_ad_h.pdf,1
1314316800000,201102,Model Answer of Sahayak Bhaumiki Vid Exam-2011,/assets/pdf/Model_Answer/MA_SBV.pdf,1
1299196800000,201003,Model Answer of Mining Inspector Exam-2010,/assets/pdf/Model_Answer/MA_MI.pdf,1
1292457600000,201002,Model Answer of Chief Municipal Officer Varg 'KHA' & 'GA' Exam-2010,/assets/pdf/Model_Answer/MA_CMO.pdf,1
1283385600000,,Model Answer of Assistant Director-Industrial Health and Safety Exam-2008,/assets/pdf/Model_Answer/MA_ADIHS.pdf,1
1263427200000,200901,Correct Model Answer of Asst. Professor Exam-2009 (Hindi And Chemistery),/assets/pdf/Model_Answer/MA_AP_2009_01_14.pdf,1
1261785600000,200901,Model Answer Asst. Professor Exam 2009 ,/assets/pdf/Model_Answer/MA_AP09.pdf,1
1260835200000,200812,Model Answer Drug Inspector Exam 2008 ,/assets/pdf/Model_Answer/MA_%20DRUGINSPECTOR.pdf,1
1256860800000,,Model Answer Food Inspector,/assets/pdf/Model_Answer/Modal_Answer_FI.pdf,1
1240876800000,,Ayurvedic Medical Officer Exam - 2008,/assets/pdf/Model_Answer/Model_Answer_Amo_2008.pdf,1
1233792000000,200810,State Service Exam (Pre) - 2008,/assets/pdf/Model_Answer/psc-2008.pdf,1
,,DPO,/assets/pdf/Model_Answer/DPO_Model_Answer.pdf,1
,,State Forest Services ,/assets/pdf/Model_Answer/Forest_Model_Answer.pdf,1
,,ADPPO-Revised,/assets/pdf/Model_Answer/ADPPO_Revised_Model_Answer.pdf,1
,,ADPPO,/assets/pdf/Model_Answer/ADPPO_Model_Answer.pdf,1
,,AE-Revised,/assets/pdf/Model_Answer/AECivil_Revised_Model_Answer.pdf,1
,,AE,/assets/pdf/Model_Answer/AECivil_Model_Answer.pdf,1
,,Jail Supretendent,/assets/pdf/Model_Answer/JS_Model_Answer.pdf,1
