item_code,advt_no,details,link
1734393600000,202309,SELECTION LIST - PARIVAHAN UP NIRIKSHAK (TECH.) EXAM-2023 (17-12-2024),/assets/pdf/result/SL_TSI_2023_17122024.pdf
1734393600000,202309,STATEMENT OF MARKS IN FINAL SELECTION,/assets/pdf/result/ML_TSI_2023_17122024.pdf
1733875200000,202308,SELECTION LIST - CIVIL JUDGE (ENTRY LEVEL) EXAM-2023 (11-12-2024),/assets/pdf/result/SL_CJ_2023_11122024.pdf
1733875200000,230308,STATEMENT OF MARKS IN FINAL SELECTION,/assets/pdf/result/ML_CJ_2023_11122024.pdf
1732838400000,202311,SELECTION LIST - STATE SERVICE EXAMINATION-2023 (29-11-2024) ,/assets/pdf/result/SL_SSE_2023_29112024.pdf
1732752000000,202311,DETAILED MERIT LIST (28-11-2024),/assets/pdf/result/ML_SSE_2023_28112024.pdf
1728345600000,202308,WRITTEN EXAM RESULT -CIVIL JUDGE (MAINS) EXAM-2023 (08-10-2024),/assets/pdf/result/WER_CJME_2023_08102024.pdf
1727913600000,202309,WRITTEN EXAM RESULT-PARIVAHAN UP NIRIKSHAK (TECH.) EXAM-2023 (03-10-2024),/assets/pdf/result/WER_TSI_2023_03102024.pdf
1727568000000,202311,WRITTEN EXAM RESULT -STATE SERVICE (MAINS) EXAM-2023 (29-09-2024),/assets/pdf/result/WER_SSME_2023_29092024.pdf
1711584000000,202224,SELECTION LIST - PEON (GENERAL ADMINISTRATION DEPT. & CGPSC) EXAM-2022 (28-03-2024),/assets/pdf/result/SL_PEON_GAD_CGPSC_2022_28032024.pdf
1711584000000,202224,STATEMENT OF MARKS IN FINAL SELECTION ,/assets/pdf/result/ML_PEON_GAD_CGPSC_2022_28032024.pdf
1711584000000,202224, STATEMENT OF MARKS IN WRITTEN EXAM (GAD) ,/assets/pdf/result/WSOM_PEON_GAD_2022_06052024.pdf
1711584000000,202224, STATEMENT OF MARKS IN WRITTEN EXAM (CGPSC),/assets/pdf/result/WSOM_PEON_CGPSC_2022_06052024.pdf
1709769600000,202224,AMENDED MODEL ANSWER - PEON(GAD & CGPSC) -2022,https://psc.cg.gov.in/PDF/Model_Answer/AMA_PEON_2022652024.pdf
1710979200000,202311,WRITTEN EXAM RESULT -STATE SERVICE (PRELIMS) EXAM-2023 (21-03-2024),/assets/pdf/result/WER_SSPE_2023_21032024.pdf
1710806400000,202310,SELECTION LIST - VETERINARY ASSISTANT SURGEON-2023 (19-03-2024),/assets/pdf/result/SL_VAS_2023_19032024.pdf
1710806400000,202310,STATEMENT OF MARKS IN FINAL SELECTION,/assets/pdf/result/ML_VAS_2023_19032024.pdf
1710720000000,202105,STATE ENGINEERING SERVICE EXAM-2021 (ASSISTANT ENGINEER -CIVIL) (18-03-2024),/assets/pdf/result/SL_SES_AE_WR_CIVIL_2021_18032024.pdf
1710720000000,202105,STATEMENT OF MARKS IN FINAL SELECTION ,/assets/pdf/result/ML_SES_2021_AE_Civil_19032024.pdf
1710720000000,202105, STATEMENT OF MARKS IN WRITTEN EXAM,/assets/pdf/result/WSOM_SES_2021_AE_Civil_09042024.pdf
1664236800000,202105,AMENDED MODEL ANSWER - STATE ENGINEERING SERVICE EXAM -2021 (09-04-2024),https://psc.cg.gov.in/PDF/Model_Answer/AMA_SES_2021_09042024.pdf
1710201600000,202105,STATE ENGINEERING SERVICE EXAM-2021 (ASSISTANT ENGINEER(E/M)) AND ASSISTANT ENGINEER (E.S.) & ASSISTANT ELECTRICAL INSPECTOR) (12-03-2024),/assets/pdf/result/SL_SES_AE_WR_ES_2021_12032024.pdf
1710201600000,202105,STATEMENT OF MARKS IN FINAL SELECTION ,/assets/pdf/result/ML_SES_2021_AE_EM_AE_ES_19032024.pdf
1710201600000,202105, STATEMENT OF MARKS IN WRITTEN EXAM (ELECTRICAL/MECHANICAL) ,/assets/pdf/result/WSOM_SES_2021_AE_EM_09042024.pdf
1710201600000,202105, STATEMENT OF MARKS IN WRITTEN EXAM (ELECTRICAL),/assets/pdf/result/WSOM_SES_2021_AE_ELE_09042024.pdf
1664236800000,202105,AMENDED MODEL ANSWER - STATE ENGINEERING SERVICE EXAM -2021 (09-04-2024),https://psc.cg.gov.in/PDF/Model_Answer/AMA_SES_2021_09042024.pdf
1706832000000,202306,"SELECTION LIST - ASSISTANT DIRECTOR, AGRICULTURE EXAM-2023 (02-02-2024)",/assets/pdf/result/SL_ADA_2023_02022024.pdf
1706832000000,202306,STATEMENT OF MARKS IN FINAL SELECTION,/assets/pdf/result/ML_ADA_2023_02022024.pdf
1706832000000,202306, STATEMENT OF MARKS IN WRITTEN EXAM,/assets/pdf/result/WML_ADA_2023_12032024.pdf
1693872000000,202306,"AMENDED MODEL ANSWER - ASSISTANT DIRECTOR, AGRICULTURE EXAM-2023 (12-03-2024)",https://psc.cg.gov.in/PDF/Model_Answer/AMA_ADA_2023_12032024.pdf
1706745600000,202302,SELECTION LIST - DISTRICT AYUVERDA OFFICER EXAM-2023 (01-02-2024),/assets/pdf/result/SL_DAO_2023_01022024.pdf
1706745600000,202302,STATEMENT OF MARKS IN FINAL SELECTION,/assets/pdf/result/ML_DAO_2023_01022024.pdf
1706745600000,202302,STATEMENT OF MARKS IN WRITTEN EXAM,/assets/pdf/result/WML_DAO_2023_12032024.pdf
1693872000000,202302,AMENDED MODEL ANSWER - DISTRICT AYUVERDA OFFICER EXAM-2023 (12-03-2024),https://psc.cg.gov.in/PDF/Model_Answer/AMA_DAO_2023_12032024.pdf
1706745600000,202303,SELECTION LIST - ASSISTANT DIRECTOR (TECHNICAL) EXAM-2023 (01-02-2024),/assets/pdf/result/SL_ADT_2023_01022024.pdf
1706745600000,202303,STATEMENT OF MARKS IN FINAL SELECTION ,/assets/pdf/result/ML_ADT_2023_01022024.pdf
1706745600000,202303, STATEMENT OF MARKS IN WRITTEN EXAM,/assets/pdf/result/WML_ADT_2023_12032024.pdf
1694217600000,202303,AMENDED MODEL ANSWER - ASSISTANT DIRECTOR (TECHNICAL) EXAM-2023 (12-03-2024),https://psc.cg.gov.in/PDF/Model_Answer/AMA_ADT_2023_12032024.pdf
1706054400000,202308,WRITTEN EXAM RESULT -CIVIL JUDGE (ENTRY LEVEL) EXAMINATION-2023 (24-01-2024),/assets/pdf/result/WER_CJ_2023_24012024.pdf
1705968000000,202105,WRITTEN EXAM RESULT -STATE ENGINEERING SERVICE EXAM-2021 (23-01-2024),/assets/pdf/result/WER_SES_2021_23012024.pdf
1704931200000,202229,SELECTION LIST - CIVIL JUDGE (ENTRY LEVEL) EXAM-2022 (11-01-2024),/assets/pdf/result/SL_CJ_2022_11012024.pdf
1704931200000,202229,STATEMENT OF MARKS IN FINAL SELECTION ,/assets/pdf/result/ML_CJ2022_11012024.pdf
1704931200000,202229,STATEMENT OF MARKS IN WRITTEN EXAM (MAINS),/assets/pdf/result/WSM_CJM_2022_15032024.pdf
1704931200000,202229, STATEMENT OF MARKS IN WRITTEN EXAM (PRELIMS),/assets/pdf/result/WSM_CJEL_2022_15032024.pdf
1679961600000,202229,AMENDED MODEL ANSWER - CIVIL JUDGE (ENTRY LEVEL) EXAM-2022 (15-03-2024),https://psc.cg.gov.in/PDF/Model_Answer/AMA_CJEL_2022_15032024.pdf
1700438400000,201902,SUBJECT WISE SELECTION LIST - ASSISTANT PROFESSOR EXAM-2019 (20-11-2023),https://psc.cg.gov.in/HTM/SL_AP_2019.HTML
1693958400000,202228,SELECTION LIST - STATE SERVICE EXAMINATION-2022 (06-09-2023) ,/assets/pdf/result/SL_SSE_2022_06092023.pdf
1693958400000,202228, DETAILED MERIT LIST (06-09-2023),/assets/pdf/result/DML_SSE_2022_06092023.pdf
1695427200000,202228,LIST OF NOT ELIGIBLE CANDIDATES IN STATE SERVICE (MAINS) EXAM-2022 (23-09-2023) ,/assets/pdf/result/SUCHANA_INELIG_SSME2022_23092023.pdf
1695427200000,202228, STATEMENT OF MARKS IN PRELIMS EXAM (04-12-2023),/assets/pdf/result/WML_SSPE_2022_04122023.pdf
1701648000000,202228,LIST OF INELIGIBLE CANDIDATE IN PRELIMS EXAM (04-12-2023),/assets/pdf/result/NOT_ELIGIBLE_SET_BLANK_SSPE_2022_04122023.pdf
1682640000000,202228,AMENDED MODEL ANSWER - STATE SERVICE (PRELIMS) EXAM-2022 (04-12-2023),https://psc.cg.gov.in/PDF/Model_Answer/AMA_SSPE_2022_04122023.pdf
1693958400000,202302,WRITTEN EXAM RESULT -DISTRICT AYURVEDA OFFICER (MEDICAL EDUCATION) EXAM-2023 (06-09-2023),/assets/pdf/result/WER_DAO_2023_06092023.pdf
1693958400000,202303,"WRITTEN EXAM RESULT -ASSISTANT DIRECTOR, TECHNICAL (MEDICAL EDUCATION) EXAM-2023 (06-09-2023)",/assets/pdf/result/WER_ADT_2023_06092023.pdf
1693958400000,202306,"WRITTEN EXAM RESULT -ASSISTANT DIRECTOR, AGRICULTURE EXAM-2023 (06-09-2023)",/assets/pdf/result/WER_ADA_2023_06092023.pdf
1692230400000,202307,"SELECTION LIST -PURATATVIYA ADHIKARI, PURALEKHVETTA, MUDRASHASTRI, PURATATVAVETTA, SANGRADHYAKSH-2023 (17-08-2023)",/assets/pdf/result/SL_SANSKRITI_2023_17082023.pdf
1692230400000,202307,STATEMENT OF MARKS IN FINAL SELECTION,/assets/pdf/result/ML_SANSKRITI_2023_17082023.pdf
1692230400000,202229,WRITTEN EXAM RESULT -CIVIL JUDGE (MAINS) EXAM-2022 (17-08-2023),/assets/pdf/result/WER_CJM_2022_17082023.pdf
1692144000000,202228,WRITTEN EXAM RESULT -STATE SERVICE (MAINS) EXAM-2022 (16-08-2023),/assets/pdf/result/WER_SSME_2022_16082023.pdf
1692144000000,202304,"SELECTION LIST -LECTURER (DRAVUAGUNA, KAY CHIKITSHA, ROG NIDAN & VIKRITI VIGYAN) -2023 (16-08-2023)",/assets/pdf/result/SL_LECT_2023_16082023.pdf
1692144000000,202304,STATEMENT OF MARKS IN FINAL SELECTION,/assets/pdf/result/ML_LECT_2023_16082023.pdf
1687305600000,202226,SELECTION LIST -AYURVEDA MEDICAL OFFICER EXAM-2022 (21-06-2023),/assets/pdf/result/SL_AMO_2022_21062023.pdf
1687305600000,202226,STATEMENT OF MARKS IN FINAL SELECTION,/assets/pdf/result/ML_AMO_2022_21062023.pdf
1678147200000,202226,AMENDED MODEL ANSWER - AYURVEDA MEDICAL OFFICER EXAM-2022 (06-07-2023),https://psc.cg.gov.in/PDF/Model_Answer/AMA_AMO_06072023.pdf
1686182400000,202223,SELECTION LIST -CASUALTY MEDICAL OFFICER EXAM-2022 (08-06-2023),/assets/pdf/result/SL_CMO_2022_08062023.pdf
1686182400000,202223,STATEMENT OF MARKS IN FINAL SELECTION,/assets/pdf/result/ML_CMO_2022_08062023.pdf
1678147200000,202223,AMENDED MODEL ANSWER - CASUALTY MEDICAL OFFICER EXAM-2022 (06-07-2023),https://psc.cg.gov.in/PDF/Model_Answer/AMA_CMO_06072023.pdf
1686009600000,202214,"SELECTION LIST -SCIENTIFIC OFFICER (BIOLOGY, PHYSICS, CHEMISTRY) EXAM-2022 (06-06-2023)",/assets/pdf/result/SL_SO_PCB_2022_06062023.pdf
1686009600000,202214,STATEMENT OF MARKS IN FINAL SELECTION,/assets/pdf/result/ML_SO_PCB_2022_06062023.pdf
1682985600000,202214,"AMENDED MODEL ANSWER - SCIENTIFIC OFFICER (BIOLOGY, PHYSICS, CHEMISTRY) EXAM-2022 (06-07-2023)",https://psc.cg.gov.in/PDF/Model_Answer/AMA_SOPCB_06072023.pdf
1685923200000,202222,SELECTION LIST -PHYSIOTHERAPIST EXAM-2022 (05-06-2023),/assets/pdf/result/SL_PHY_2022_05062023.pdf
1685923200000,202222,STATEMENT OF MARKS IN FINAL SELECTION,/assets/pdf/result/ML_PHY_2022_05062023.pdf
1678147200000,202222,AMENDED MODEL ANSWER - PHYSIOTHERAPIST EXAM-2022 (06-07-2023),https://psc.cg.gov.in/PDF/Model_Answer/AMA_PHY_06072023.pdf
1685750400000,202007,SELECTION LIST - CG FOREST SERVICE (COMBINED) EXAM-2020 (03-06-2023),/assets/pdf/result/SL_CGFSE_2020_03062023.pdf
1685750400000,202007,STATEMENT OF MARKS IN FINAL SELECTION,/assets/pdf/result/ML_CGFSE_2020_03062023.pdf
1650499200000,202007,AMENDED MODEL ANSWER - CG FOREST SERVICE (COMBINED) EXAM-2020 (16-06-2023),https://psc.cg.gov.in/PDF/Model_Answer/AMA_CGFSE_2020_16062023.pdf
1683849600000,202224,WRITTEN EXAM RESULT -PEON (GENERAL ADMINISTRATION DEPT. & CGPSC) EXAM-2022 (12-05-2023),/assets/pdf/result/WER_PEON_GAD_CGPSC_2022_12052023.pdf
1683763200000,202109,SELECTION LIST - STATE SERVICE EXAMINATION-2021(11-05-2023) ,/assets/pdf/result/SL_SSE_2021_11052023.pdf
1683763200000,202109, DETAILED MERIT LIST (11-05-2023),/assets/pdf/result/DML_SSE_2021_11052023.pdf
1684195200000,202109,STATEMENT OF MARKS IN MAINS EXAM (16-05-2023),/assets/pdf/result/WML_SSME_2021_16052023.pdf
1684540800000,202109,STATEMENT OF MARKS IN PRELIMS EXAM (20-05-2023),/assets/pdf/result/WML_SSPE_2021_20052023.pdf
1684540800000,202109, LIST OF INELIGIBLE CANDIDATE IN PRELIMS EXAM (20-05-2023),/assets/pdf/result/NE_SSPE_2021_20052023.pdf
1646611200000,202109,AMENDED MODEL ANSWER - STATE SERVICE (PRELIMS) EXAM-2021 (20-05-2023),https://psc.cg.gov.in/PDF/Model_Answer/AMA_SSPE_2021_20052023.pdf
1683763200000,202228,WRITTEN EXAM RESULT -STATE SERVICE (PRELIMS) EXAM-2022 (11-05-2023),/assets/pdf/result/WER_SSPE_2022_11052023.pdf
1683763200000,202226,WRITTEN EXAM RESULT -AYURVEDA MEDICAL OFFICER EXAM-2022 (11-05-2023),/assets/pdf/result/WER_AMO_2022_11052023.pdf
1683763200000,202214,"WRITTEN EXAM RESULT -SCIENTIFIC OFFICER (BIO, CHEMISTRY, PHYSICS) EXAM-2022 (11-05-2023)",/assets/pdf/result/WER_SO_2022_11052023.pdf
1683763200000,202222,WRITTEN EXAM RESULT -PHYSIOTHERAPIST EXAM-2022 (11-05-2023),/assets/pdf/result/WER_PHY_2022_11052023.pdf
1683763200000,202223,WRITTEN EXAM RESULT -CASUALTY MEDICAL OFFICER EXAM-2022 (11-05-2023),/assets/pdf/result/WER_CMO_2022_11052023.pdf
1683763200000,202229,WRITTEN EXAM RESULT -CIVIL JUDGE (ENTRY LEVEL) EXAMINATION-2022 (11-05-2023),/assets/pdf/result/WER_CJ_2022_11052023.pdf
1681689600000,202301,POST WISE SELECTION LIST -READER (DEPT. OF MEDICAL EDUCATION (AYUSH))-2023 ,https://psc.cg.gov.in/HTM/SL_READER_2023.HTML
1681689600000,202301,PRESS NOTIFICATION(17-04-2023),/assets/pdf/result/PN_17042023.pdf
1681776000000,202301,PRESS NOTIFICATION(18-04-2023),/assets/pdf/result/PN_18042023.pdf
1662681600000,202007,WRITTEN EXAM RESULT - CG FOREST SERVICE (COMBINED) EXAM-2020 (09-09-2022),/assets/pdf/result/WER_CGFSE_2020_09092022.pdf
1662595200000,202218,SELECTION LIST -SAHAYAK KSHETRIYA PRIVAHAN ADHIKARI & PARIVAHAN UP NIRIKSHAK (TECH.) EXAM-2022 (08-09-2022),/assets/pdf/result/SL_ARTO_TSI_2022_08092022.pdf
1662595200000,202218,STATEMENT OF MARKS IN FINAL SELECTION ,/assets/pdf/result/ML_ARTO_TSI_2022_08092022.pdf
1662595200000,202218,STATEMENT OF MARKS IN WRITTEN EXAM (ARTO) ,/assets/pdf/result/WML_ARTO_2022_08092022.pdf
1662595200000,202218, STATEMENT OF MARKS IN WRITTEN EXAM (TSI(TECH)),/assets/pdf/result/WML_TSI_2022_08092022.pdf
1659484800000,202218,AMENDED MODEL ANSWER,https://psc.cg.gov.in/PDF/Model_Answer/AMA_ARTO_TSI_2022_08092022.pdf
1662595200000,202219,SELECTION LIST -BOILER INSPECTOR EXAM-2022 (08-09-2022),/assets/pdf/result/SL_BOI_2022_08092022.pdf
1662595200000,202219,STATEMENT OF MARKS IN FINAL SELECTION ,/assets/pdf/result/ML_BOI_2022_08092022.pdf
1662595200000,202219, STATEMENT OF MARKS IN WRITTEN EXAM,/assets/pdf/result/WML_BOI_2022_08092022.pdf
1660089600000,202219,AMENDED MODEL ANSWER,https://psc.cg.gov.in/PDF/Model_Answer/AMA_BOI_2022_08092022.pdf
1661472000000,202209,SELECTION LIST -DENTAL SURGEON EXAM-2022 (26-08-2022),/assets/pdf/result/SL_DS_2022_26082022.pdf
1661472000000,202209,STATEMENT OF MARKS IN FINAL SELECTION ,/assets/pdf/result/ML_DS_2022_26082022.pdf
1661472000000,202209, STATEMENT OF MARKS IN WRITTEN EXAM,/assets/pdf/result/WML_DENTAL_2022_08092022.pdf
1659398400000,202209,AMENDED MODEL ANSWER,https://psc.cg.gov.in/PDF/Model_Answer/AMA_DENTAL_2022_08092022.pdf
1661385600000,202216,SELECTION LIST -HOMEOPATHY MEDICAL OFFICER EXAM-2022 (25-08-2022),/assets/pdf/result/SL_HMO_2022_25082022.pdf
1661385600000,202216,STATEMENT OF MARKS IN FINAL SELECTION ,/assets/pdf/result/ML_HMO_2022_25082022.pdf
1661385600000,202216, STATEMENT OF MARKS IN WRITTEN EXAM,/assets/pdf/result/WML_HMO_2022_08092022.pdf
1659398400000,202216,AMENDED MODEL ANSWER,https://psc.cg.gov.in/PDF/Model_Answer/AMA_HMO_2022_08092022.pdf
1661299200000,202207,SELECTION LIST -MINING OFFICER AND ASSISTANT GEOLOGIST EXAM-2022 (24-08-2022),/assets/pdf/result/SL_MOAG_2022_24082022.pdf
1661299200000,202207,STATEMENT OF MARKS IN FINAL SELECTION ,/assets/pdf/result/ML_MOAG_2022_24082022.pdf
1661299200000,202207, STATEMENT OF MARKS IN WRITTEN EXAM (MINING OFFICER) ,/assets/pdf/result/WML_MO_2022_29082022.pdf
1661299200000,202207, STATEMENT OF MARKS IN WRITTEN EXAM (ASSISTANT GEOLOGIST),/assets/pdf/result/WML_AG_2022_29082022.pdf
1658448000000,202207,AMENDED MODEL ANSWER,https://psc.cg.gov.in/PDF/Model_Answer/AMA_MOAG_2022_24082022.pdf
1661126400000,202109,WRITTEN EXAM RESULT - STATE SERVICE (MAINS) EXAM-2021 (22-08-2022),/assets/pdf/result/WER_SSME_2021_22082022.pdf
1660780800000,202211,SELECTION LIST - ASSISTANT RESEARCH OFFICER EXAM-2022 (18-08-2022),/assets/pdf/result/SL_ARO_2022_18082022.pdf
1660780800000,202211,STATEMENT OF MARKS IN FINAL SELECTION ,/assets/pdf/result/ML_ARO_2022_18082022.pdf
1660780800000,202211, STATEMENT OF MARKS IN WRITTEN EXAM,/assets/pdf/result/WML_ARO_2022_23082022.pdf
1658448000000,202109,AMENDED MODEL ANSWER,https://psc.cg.gov.in/PDF/Model_Answer/AMA_ARO_2022_23082022.pdf
1660780800000,202208,SELECTION LIST - DEPUTY SUPERINTENDENT OF POLICE (RADIO) EXAM-2022 (18-08-2022),/assets/pdf/result/SL_DSPR_2022_18082022.pdf
1660780800000,202208,STATEMENT OF MARKS IN FINAL SELECTION ,/assets/pdf/result/ML_DSPR_2022_18082022.pdf
1660780800000,202208,STATEMENT OF MARKS IN WRITTEN EXAM,/assets/pdf/result/WML_DSPR_2022_23082022.pdf
1658448000000,202208,AMENDED MODEL ANSWER,https://psc.cg.gov.in/PDF/Model_Answer/AMA_DSPR_2022_24082022.pdf
1660694400000,202227,SELECTION LIST - LECTURER (MEDICAL EDUCATION (AYUSH) DEPT.)-2022 (17-08-2022),https://psc.cg.gov.in/HTM/SL_LECT_AYUSH_2022.HTML
1660608000000,202227,PRESS NOTIFICATION (16-08-2022) ,/assets/pdf/result/PN_16082022.pdf
1660694400000,202227,PRESS NOTIFICATION (17-08-2022),/assets/pdf/result/PN_17082022.pdf
1660608000000,202218,WRITTEN EXAM RESULT - SAHAYAK KSHETRIYA PRIVAHAN ADHIKARI & PARIVAHAN UP NIRIKSHAK (TECH.) EXAM-2022 (16-08-2022),/assets/pdf/result/WER_ARTO_TSI_2022_16082022.pdf
1660608000000,202219,WRITTEN EXAM RESULT - BOILER INSPECTOR EXAM-2022 (16-08-2022),/assets/pdf/result/WER_BOI_2022_16082022.pdf
1659744000000,201902,RESULT OF PETITIONERS AS PER ORDER BY HON'BLE HIGH COURT DATED 28-07-2022 [ASSISTANT PROFESSOR EXAM-2019](06-08-2022),/assets/pdf/result/AP_20119_Result_As_per_Hon_HC_06082022.pdf
1659484800000,202209,WRITTEN EXAM RESULT - DENTAL SURGEON EXAM-2022 (03-08-2022),/assets/pdf/result/WER_DENTAL_2022_03082022.pdf
1659484800000,202216,WRITTEN EXAM RESULT - HOMEOPATHY MEDICAL OFFICER EXAM-2022 (03-08-2022),/assets/pdf/result/WER_HMO_2022_03082022.pdf
1659398400000,202207,WRITTEN EXAM RESULT - MINING OFFICER AND ASSISTANT GEOLOGIST EXAM-2022 (02-08-2022),/assets/pdf/result/WER_MO_AG_2022_02082022.pdf
1659398400000,202208,WRITTEN EXAM RESULT - DEPUTY SUPERINTENDENT OF POLICE (RADIO) EXAM-2022 (02-08-2022),/assets/pdf/result/WER_DSPR_2022_02082022.pdf
1659398400000,202211,WRITTEN EXAM RESULT - ASSISTANT RESEARCH OFFICER EXAM-2022 (02-08-2022),/assets/pdf/result/WER_ARO_2022_02082022.pdf
1658361600000,202223,SELECTION LIST - GENERAL DUTY MEDICAL OFFICER-2022 (21-07-2022),/assets/pdf/result/SL_GDMO_2022_21072022.pdf
1658361600000,202223,STATEMENT OF MARKS IN FINAL SELECTION,/assets/pdf/result/ML_GDMO_2022_21072022.pdf
1657843200000,202221,SELECTION LIST - VETERINARY ASSISTANT SURGEON-2022 (15-07-2022),/assets/pdf/result/SL_VAS_2022_15072022.pdf
1657843200000,202221,STATEMENT OF MARKS IN FINAL SELECTION,/assets/pdf/result/ML_VAS_2022_15072022.pdf
1657584000000,202220,SELECTION LIST - FIRE OFFICER TECHNICAL OFFICER (12-07-2022),/assets/pdf/result/SL_FO_TO_2022_12072022.pdf
1657584000000,202220,STATEMENT OF MARKS IN FINAL SELECTION,/assets/pdf/result/ML_FO_TO_2022_12072022.pdf
1655856000000,202118,SELECTION LIST - PRACHARYA VERG-1 AND PRACHARYA VERG-2 EXAM-2021 (22-06-2022),/assets/pdf/result/SL_P1P2_2021_22062022.pdf
1653609600000,202118,AMENDED MODEL ANSWER,https://psc.cg.gov.in/PDF/Model_Answer/AMA_P1P2_2021_23062022.pdf
1655856000000,202118,STATEMENT OF MARKS IN FINAL SELECTION ,/assets/pdf/result/ML_P1P2_2021_22062022.pdf
1655856000000,202118,STATEMENT OF MARKS IN WRITTEN EXAM (PRACHARYA VERG-1) ,/assets/pdf/result/WM_Principal_Verg1_29072022.pdf
1655856000000,202118,STATEMENT OF MARKS IN WRITTEN EXAM (PRACHARYA VERG-2),/assets/pdf/result/WM_PRINCIPAL_VERG2_29072022.pdf
1655683200000,202204,SELECTION LIST - ASSISTANT REGISTRAR EXAM-2022 (20-06-2022),/assets/pdf/result/SL_AR_2022_20062022.pdf
1655683200000,202204,FINAL MODEL ANSWER,https://psc.cg.gov.in/PDF/Model_Answer/FMA_ADH_AR_2022_11072022.pdf
1655683200000,202204,STATEMENT OF MARKS IN FINAL SELECTION ,/assets/pdf/result/ML_AR_2022_20062022.pdf
1655683200000,202204, STATEMENT OF MARKS IN WRITTEN EXAM,/assets/pdf/result/WM_AR_29072022.pdf
1655683200000,202116,"SELECTION LIST - ASSISTANT DIRECTOR, RESHAM EXAM-2021 (20-06-2022)",/assets/pdf/result/SL_AD_RESHAM_2021_20062022.pdf
1653609600000,202116,AMENDED MODEL ANSWER,https://psc.cg.gov.in/PDF/Model_Answer/AMA_AD_RESHAM_2021_23062022.pdf
1655683200000,202116,STATEMENT OF MARKS IN FINAL SELECTION ,/assets/pdf/result/ML_AD_RESHAM_2021_20062022.pdf
1655683200000,202116,STATEMENT OF MARKS IN WRITTEN EXAM,/assets/pdf/result/WM_AD_RESHAM_29072022.pdf
1655683200000,202115,"SELECTION LIST - ASSISTANT DIRECTOR, HANDLOOM EXAM-2021 (20-06-2022)",/assets/pdf/result/SL_ADH_2021_20062022.pdf
1655683200000,202115,FINAL MODEL ANSWER,https://psc.cg.gov.in/PDF/Model_Answer/FMA_ADH_AR_2022_11072022.pdf
1655683200000,202115,STATEMENT OF MARKS IN FINAL SELECTION ,/assets/pdf/result/ML_ADH_2021_20062022.pdf
1655683200000,202115,STATEMENT OF MARKS IN WRITTEN EXAM,/assets/pdf/result/WM_ADH_29072022.pdf
1655683200000,202202,"SELECTION LIST - ASSISTANT DIRECTOR (PLANNING, ECONOMICS AND STATISTICS) EXAM-2022 (20-06-2022)",/assets/pdf/result/SL_adpes_2022_20062022.pdf
1653609600000,202202,AMENDED MODEL ANSWER,https://psc.cg.gov.in/PDF/Model_Answer/AMA_AD_PES_2022_23062022.pdf
1655683200000,202202,STATEMENT OF MARKS IN FINAL SELECTION ,/assets/pdf/result/ml_adpes_2022_20062022.pdf
1655683200000,202202,STATEMENT OF MARKS IN WRITTEN EXAM,/assets/pdf/result/WM_ADPES_29072022.pdf
1655683200000,202117,SELECTION LIST - LAW OFFICER (HOME JAIL DEPT.) EXAM-2021 (20-06-2022),/assets/pdf/result/SL_LAWHOME_2021_20062022.pdf
1653609600000,202117,AMENDED MODEL ANSWER,https://psc.cg.gov.in/PDF/Model_Answer/AMA_LAWHOME_LAWCGPSC_23062022.pdf
1655683200000,202117,STATEMENT OF MARKS IN FINAL SELECTION ,/assets/pdf/result/ml_LAWHOME_2021_20062022.pdf
1655683200000,202117,STATEMENT OF MARKS IN WRITTEN EXAM,/assets/pdf/result/WM_LOH_29072022.pdf
1655683200000,202205,SELECTION LIST - LAW OFFICER (CGPSC) EXAM-2022 (20-06-2022),/assets/pdf/result/SL_LAWCGPSC_2022_20062022.pdf
1653609600000,202205,AMENDED MODEL ANSWER,https://psc.cg.gov.in/PDF/Model_Answer/AMA_LAWHOME_LAWCGPSC_23062022.pdf
1655683200000,202205,STATEMENT OF MARKS IN FINAL SELECTION ,/assets/pdf/result/ML_LAWCGPSC_2022_20062022.pdf
1655683200000,202205,STATEMENT OF MARKS IN WRITTEN EXAM,/assets/pdf/result/WM_LOCGPSC_29072022.pdf
1655683200000,202203,"SELECTION LIST - SCIENTIFIC OFFICER, CHEMISTRY EXAM-2022 (20-06-2022)",/assets/pdf/result/SL_SOC_2022_20062022.pdf
1653609600000,202203,AMENDED MODEL ANSWER,https://psc.cg.gov.in/PDF/Model_Answer/AMA_SOC_2022_23062022.pdf
1655683200000,202203,STATEMENT OF MARKS IN FINAL SELECTION ,/assets/pdf/result/ML_SOC_2022_20062022.pdf
1655683200000,202203,STATEMENT OF MARKS IN WRITTEN EXAM,/assets/pdf/result/WM_SOC_29072022.pdf
1654041600000,202118,WRITTEN EXAM RESULT - PRACHARYA VERG-1 AND PRACHARYA VERG-2 EXAM-2021 (01-06-2022),/assets/pdf/result/WER_P1_P2_2021_01062022.pdf
1654041600000,202202,"WRITTEN EXAM RESULT - ASSISTANT DIRECTOR (PLANNING, ECONOMICS AND STATISTICS) EXAM-2022 (01-06-2022)",/assets/pdf/result/WER_AD_PES_2022_01062022.pdf
1654041600000,202116,WRITTEN EXAM RESULT - ASSISTANT DIRECTOR - RESHAM EXAM-2021 (01-06-2022),/assets/pdf/result/WER_ADR_2021_01062022.pdf
1654041600000,202203,"WRITTEN EXAM RESULT - SCIENTIFIC OFFICER, CHEMISTRY EXAM-2022 (01-06-2022)",/assets/pdf/result/WER_SOC_2022_01062022.pdf
1654041600000,202117,WRITTEN EXAM RESULT - LAW OFFICER (HOME JAIL DEPT.) EXAM-2021 (01-06-2022),/assets/pdf/result/WER_LO_HOME_2021_01062022.pdf
1654041600000,202205,WRITTEN EXAM RESULT - LAW OFFICER (CGPSC) EXAM-2022 (01-06-2022),/assets/pdf/result/WER_LO_CGPSC_2022_01062022.pdf
1654041600000,202204,WRITTEN EXAM RESULT - ASSISTANT REGISTRAR EXAM-2022 (01-06-2022),/assets/pdf/result/WER_AR_2022_01062022.pdf
1654041600000,202115,"WRITTEN EXAM RESULT - ASSISTANT DIRECTOR, HANDLOOM EXAM-2021 (01-06-2022)",/assets/pdf/result/WER_ADH_2021_01062022.pdf
1653868800000,202213,"SELECTION LIST - LECTURER, TEXTILE DESIGN-2022 (30-05-2022)",/assets/pdf/result/SL_LTD_2022_30052022.pdf
1653868800000,202213,STATEMENT OF MARKS IN FINAL SELECTION,/assets/pdf/result/ML_LTD_2022_30052022.pdf
1653868800000,202215,SELECTION LIST - ASSISTANT DIRECTOR (INDUSTRIAL HYGIENE)-2022 (30-05-2022),/assets/pdf/result/SL_ADIH_2022_30052022.pdf
1653868800000,202215,STATEMENT OF MARKS IN FINAL SELECTION,/assets/pdf/result/ML_ADIH_2022_30052022.pdf
1653436800000,202212,SELECTION LIST - MEDICAL SPECIALIST-2022,https://psc.cg.gov.in/HTM/SL_MS_PHFW_2022.HTML
1653436800000,202212,PRESS NOTIFICATION [FOR AMENDED SELECTION LIST] (25-05-2022) ,/assets/pdf/result/PN_25052022.pdf
1652227200000,202212, PRESS NOTIFICATION (11-05-2022) ,/assets/pdf/result/PN_11052022.pdf
1652140800000,202212,PRESS NOTIFICATION (10-05-2022),/assets/pdf/result/PN_10052022.pdf
1652832000000,202217,SELECTION LIST - VISHESHGYA CHIKITSAK (AYUSH WING/THERAPY CENTER)-2022 (18-05-2022),/assets/pdf/result/SL_VCA_2022_18052022.pdf
1652832000000,202217,STATEMENT OF MARKS IN FINAL SELECTION,/assets/pdf/result/ML_VCA_2022_18052022.pdf
1652054400000,202114,SELECTION LIST - DEMONSTRATOR PHYSIOTHERAPY-2021 (09-05-2022),/assets/pdf/result/SL_DEMO_PHY_2021_09052022.pdf
1652054400000,202114,STATEMENT OF MARKS IN FINAL SELECTION,/assets/pdf/result/ML_DEMO_PHY_2021_09052022.pdf
1650585600000,202210,SELECTION LIST - ASSISTANT PROFESSOR-2022 (DEPT. OF MEDICAL EDUCATION) NOTIFICATION (22-04-2022) || PRESS NOTIFICATION (25-04-2022) || PRESS NOTIFICATION (26-04-2022) || PRESS NOTIFICATION (27-04-2022) || PRESS NOTIFICATION (09-05-2022),https://psc.cg.gov.in/HTM/SL_AP_ME_2022.HTML
1650326400000,202210,PRESS NOTIFICATION (19-04-2022),/assets/pdf/result/PN_19042022.pdf
1650412800000,202210,PRESS NOTIFICATION (20-04-2022),/assets/pdf/result/PN_20042022.pdf
1650499200000,202210,PRESS NOTIFICATION (21-04-2022),/assets/pdf/result/PN_21042022.pdf
1650585600000,202210,PRESS NOTIFICATION (22-04-2022) ,/assets/pdf/result/PN_22042022.pdf
1650844800000,202210,PRESS NOTIFICATION (25-04-2022),/assets/pdf/result/PN_25042022.pdf
1650931200000,202210,PRESS NOTIFICATION (26-04-2022) ,/assets/pdf/result/PN_26042022.pdf
1651017600000,202210,PRESS NOTIFICATION (27-04-2022),/assets/pdf/result/PN_27042022.pdf
1652054400000,202210,PRESS NOTIFICATION (09-05-2022),/assets/pdf/result/PN_09052022.pdf
1650240000000,202206,SELECTION LIST - ASSISTANT DIRECTOR (DEPT. OF REVENUE & DISASTER MANAGEMENT)-2022 (18-04-2022),/assets/pdf/result/SL_AD_RDM_2022_18042022.pdf
1650240000000,202206,STATEMENT OF MARKS IN FINAL SELECTION,/assets/pdf/result/ML_AD_RDM_2022_18042022.pdf
1648598400000,202111,"SELECTION LIST - JUNIOR RESIDENT, SENIOR REGISTRAR, REGISTRAR AND DEMONSTRATOR-2021 (30-03-2022) ",/assets/pdf/result/SL_JR_SR_R_DEMO_2021_30032022.pdf
1648598400000,202111, ABBREVIATION FOR POST NAME,/assets/pdf/result/JR_SR_R_DEMO_POST_CODE.pdf
1648598400000,202111,STATEMENT OF MARKS IN FINAL SELECTION,/assets/pdf/result/ML_JR_SR_R_DEMO_16062022.pdf
1648598400000,202201,SELECTION LIST - UNANI MEDICAL OFFICER EXAM-2022 (30-03-2022),/assets/pdf/result/SL_UMO_2022_30032022.pdf
1648598400000,202201,STATEMENT OF MARKS IN FINAL SELECTION,/assets/pdf/result/ML_UMO_2022_30032022.pdf
1646697600000,202110,SELECTION LIST - SENIOR RESIDENT-2021 ,https://psc.cg.gov.in/HTM/SL_SR_2021.HTML
1646697600000,202110,PRESS NOTIFICATION (08-03-2022),/assets/pdf/result/PN_08032022.pdf
1646784000000,202110,PRESS NOTIFICATION (09-03-2022) ,/assets/pdf/result/PN_09032022.pdf
1646870400000,202110, PRESS NOTIFICATION (10-03-2022) ,/assets/pdf/result/PN_10032022.pdf
1646956800000,202110,PRESS NOTIFICATION (11-03-2022),/assets/pdf/result/PN_11032022.pdf
1646697600000,202109,WRITTEN EXAM RESULT - STATE SERVICE (PRELIMS) EXAM-2021 (08-03-2022),/assets/pdf/result/WER_SSPE_2021_08032022.pdf
1646265600000,202108,SELECTION LIST-MEDICAL SPECIALIST-2021 ,https://psc.cg.gov.in/HTM/SL_MS_2021.HTML
1646265600000,202108, PRESS NOTIFICATION (03-03-2022 ),/assets/pdf/result/PN_MS_03032022.pdf
1646352000000,202108,PRESS NOTIFICATION (04-03-2022),/assets/pdf/result/PN_MS_04032022.pdf
1646438400000,202108,PRESS NOTIFICATION (05-03-2022),/assets/pdf/result/PN_MS_04032022.pdf
1645833600000,202106,SELECTION LIST - SAHAYAK JILA LOK ABHIYOJAN ADHIKARI EXAM-2021 (26-02-2022),/assets/pdf/result/SL_ADPPO_2021_26022022.pdf
1645833600000,202106,STATEMENT OF MARKS IN FINAL SELECTION,/assets/pdf/result/ML_ADPPO_2021_26022022.pdf
1645833600000,202106,STATEMENT OF MARKS IN WRITTEN EXAM,/assets/pdf/result/WML_ADPPO_2021_26022022.pdf
1645488000000,202104,SELECTION LIST - VETERINARY ASSISTANT SURGEON EXAM-2021 (22-02-2022),/assets/pdf/result/SL_VAS_2021_22022022.pdf
1645488000000,202104,STATEMENT OF MARKS IN FINAL SELECTION ,/assets/pdf/result/ML_VAS_2021_22022022.pdf
1645488000000,202104,STATEMENT OF MARKS IN WRITTEN EXAM,/assets/pdf/result/WML_VAS_2021_22022022.pdf
1643328000000,202106,WRITTEN EXAM RESULT - SAHAYAK JILA LOK ABHIYOJAN ADHIKARI EXAM-2021 (28-01-2022),/assets/pdf/result/WER_ADPPO_2021_28012022.pdf
1642550400000,202006,"AMENDED SELECTION LIST -ASSISTANT DIRECTOR, AGRICULTURE EXAM-2020 (19-01-2022)",/assets/pdf/result/ASL_ADA_2020_19012022.pdf
1642550400000,202006,STATEMENT OF MARKS IN FINAL SELECTION (AMENDED),/assets/pdf/result/AML_ADA_2020_19012022.pdf
1639353600000,202104,WRITTEN EXAM RESULT - VETERINARY ASSISTANT SURGEON EXAM-2021 (13-12-2021),/assets/pdf/result/WER_VAS_2021_13122021.pdf
1635465600000,202009,SELECTION LIST - STATE SERVICE EXAMINATION-2020 ,/assets/pdf/result/SL_SSE_2020_29102021.pdf
1635465600000,202009,DETAILED MERIT LIST (29-10-2021),/assets/pdf/result/ML_SSE_2020_29102021.pdf
1637712000000,202009,STATEMENT OF MARKS IN MAINS EXAM (24-11-2021) ,/assets/pdf/result/WML_SSME_2020_24112021.pdf
1638489600000,202009,STATEMENT OF MARKS IN PRELIMS EXAM (03-12-2021),/assets/pdf/result/WER_SSPE_2020_03122021.pdf
1638489600000,202009,LIST OF INELIGIBLE CANDIDATE IN PRELIMS EXAM (03-12-2021),/assets/pdf/result/NE_SSPE_2020_03122021.pdf
1633564800000,202009,WRITTEN EXAM RESULT - STATE SERVICE (MAINS) EXAM-2020 (07-10-2021),/assets/pdf/result/WER_SSME_2020_07102021.pdf
1632960000000,202103,SELECTION LIST - REGISTRAR(COLLEGE) EXAM-2021 (30-09-2021),/assets/pdf/result/SL_RC_2021_30092021.pdf
1632960000000,202103,STATEMENT OF MARKS IN FINAL SELECTION,/assets/pdf/result/M_RC_2021_30092021.pdf
1632960000000,202010,"SELECTION LIST - REGISTRAR, DEPUTY REGISTRAR, ASSISTANT REGISTRAR-2020 (30-09-2021)",/assets/pdf/result/SL_RDRAR_2020_30092021.pdf
1632960000000,202010,STATEMENT OF MARKS IN FINAL SELECTION,/assets/pdf/result/ML_RDRAR_2020_30092021.pdf
1632960000000,202102,"SELECTION LIST - ASSISTANT DIRECTOR, JANSAMPARK (HINDI MEDIUM) EXAM-2021 (30-09-2021)",/assets/pdf/result/SL_ADJHE_2021_30092021.pdf
1632960000000,202102,STATEMENT OF MARKS IN FINAL SELECTION,/assets/pdf/result/ML_ADJHE_2021_30092021.pdf
1631923200000,201907,SELECTION LIST - STATE SERVICE EXAMINATION-2019 (18-09-2021) ,/assets/pdf/result/SL_SSE_2019_18092021.pdf
1631836800000,201907,DETAILED MERIT LIST (17-09-2021),/assets/pdf/result/ML_SSE_2019_17092021.pdf
1632355200000,201907,STATEMENT OF MARKS IN MAINS EXAM (23-09-2021),/assets/pdf/result/WML_SSME_2019_23092021.pdf
1638489600000,201907,STATEMENT OF MARKS IN PRELIMS EXAM (03-12-2021),/assets/pdf/result/WER_SSPE_2019_03122021.pdf
1631750400000,202103,WRITTEN EXAM RESULT - REGISTRAR (COLLEGE) EXAM-2021(16-09-2021),/assets/pdf/result/WER_REG_COLLEGE_2021_16092021.pdf
1631750400000,202102,"WRITTEN EXAM RESULT - ASSISTANT DIRECTOR, JANSAMPARK (HINDI MEDIUM) EXAM-2021(16-09-2021)",/assets/pdf/result/WER_ADJHM_2021_16092021.pdf
1631750400000,202010,"WRITTEN EXAM RESULT - REGISTRAR, DEPUTY REGISTRAR, ASSISTANT REGISTRAR EXAM-2020(16-09-2021)",/assets/pdf/result/WER_RDRAR_2020_16092021.pdf
1629849600000,202101,SELECTION LIST -ASSISTANT PROFESSOR(MEDICAL EDUCATION) EXAM-2021,https://psc.cg.gov.in/HTM/SL_APME_2021.HTML
1629849600000,202101,PRESS NOTIFICATION (25-08-2021),/assets/pdf/result/SL_APME_2021/PN_SL_APME_25082021.pdf
1629936000000,202101,PRESS NOTIFICATION (26-08-2021),/assets/pdf/result/SL_APME_2021/PN_26082021.pdf
1630022400000,202101,PRESS NOTIFICATION (27-08-2021),/assets/pdf/result/SL_APME_2021/PN_27082021.pdf
1630108800000,202101,PRESS NOTIFICATION (28-08-2021),/assets/pdf/result/SL_APME_2021/PN_28082021.pdf
1630368000000,202101,PRESS NOTIFICATION (31-08-2021),/assets/pdf/result/SL_APME_2021/PN_31082021.pdf
1629331200000,202001,STATE ENGINEERING SERVICE EXAM-2020 (ASSISTANT ENGINEER CIVIL),/assets/pdf/result/SL_SES_AE_Civil_2020_19082021.pdf
1629331200000,202001,STATEMENT OF MARKS IN FINAL SELECTION,/assets/pdf/result/ML_SES_AE_Civil_19082021.pdf
1629331200000,202001,PRESS NOTIFICATION - STATE ENGINEERING SERVICE EXAM-2020,/assets/pdf/result/PN_SES_2020_17082021.pdf
1629158400000,202001,SELECTION LIST - ASSISTANT ENGINEER (ELECTRICAL/MECHANICAL),/assets/pdf/result/SL_SES_EM_2020_17082021.pdf
1629158400000,202001,SELECTION LIST - ASSISTANT ENGINEER (ELECTRICAL) (17-08-2021),/assets/pdf/result/SL_SES2020_AE_ELECTRICAL_17082021.pdf
1629158400000,202001,STATEMENT OF MARKS IN FINAL SELECTION (AE-ELECTRICAL/MECHANICAL) ,/assets/pdf/result/ML_SES2020_AEEM_17082021.pdf
1629158400000,202001,STATEMENT OF MARKS IN FINAL SELECTION (AE-ELECTRICAL),/assets/pdf/result/ML_SES2020_AEE_17082021.pdf
1629158400000,202001,STATEMENT OF MARKS IN WRITTEN EXAM (AE-ELECTRICAL),/assets/pdf/result/WML_SES2020_Electrical_29092021.pdf
1628899200000,202002,SELECTION LIST - CIVIL JUDGE EXAM-2020 (14-08-2021),/assets/pdf/result/SL_CJ_2020_14082021.pdf
1628899200000,202002,STATEMENT OF MARKS IN FINAL SELECTION,/assets/pdf/result/ML_CJ2020_14082021.pdf
1628899200000,201907,WRITTEN EXAM RESULT - STATE SERVICE (MAINS) EXAM-2019 (14-08-2021),/assets/pdf/result/WER_SSME_2019_14082021.pdf
1623801600000,202002,WRITTEN EXAM RESULT -CIVIL JUDGE (MAINS) EXAMINATION-2020 (16-06-2021),/assets/pdf/result/WER_CJM_2020_16062021.pdf
1621641600000,202001,WRITTEN EXAM RESULT -STATE ENGINEERING SERVICE EXAMINATION-2020 (22-05-2021),/assets/pdf/result/WER_SES_2020_22052021.pdf
1615680000000,202009,WRITTEN EXAM RESULT -STATE SERVICE (PRELIMS) EXAMINATION-2020 (14-03-2021),/assets/pdf/result/WER_SSPE_2020_14032021.pdf
1614816000000,201801,SELECTION LIST (CGPSC OFFICE STAFF) -ASSISTANT GRADE-3,/assets/pdf/result/SL_AG3_CGPSC_2018_04032021.pdf
1614816000000,201801,SELECTION LIST (CGPSC OFFICE STAFF) - STENOGRAPHER,/assets/pdf/result/SL_STENO_2018_04032021.pdf
1614816000000,201801,SELECTION LIST (CGPSC OFFICE STAFF) -STENOTYPIST,/assets/pdf/result/SL_STENOTYPIST_2018_04032021.pdf
1614816000000,201801,SELECTION LIST (CGPSC OFFICE STAFF) - ASSISTANT GRADE-3 (BACKLOG),/assets/pdf/result/SL_AG3_CGPSC_2015_04032021.pdf
1614816000000,201801,STATEMENT OF MARKS IN SKILL TEST (AG3),/assets/pdf/result/ML_AG3_CGPSC_2018_04032021.pdf
1614816000000,201801,STATEMENT OF MARKS IN SKILL TEST (STENOGRAPHER) ,/assets/pdf/result/ML_STENO_CGPSC_2018_04032021.pdf
1614816000000,201801,STATEMENT OF MARKS IN SKILL TEST (STENO TYPIST) ,/assets/pdf/result/ML_STENO_TYPIST_CGPSC_2018_04032021.pdf
1614816000000,201801,STATEMENT OF MARKS IN SKILL TEST AND WRITTEN EXAM (AG3-BACKLOG),/assets/pdf/result/ML_AG3_CGPSC_2015_04032021.pdf
1612569600000,202006,"SELECTION LIST -ASSISTANT DIRECTOR, AGRICULTURE EXAM-2020 (06-02-2021)",/assets/pdf/result/SL_ADA_2020_06022021.pdf
1612569600000,202006,STATEMENT OF MARKS IN FINAL SELECTION,/assets/pdf/result/ML_ADA_2020_18022021.pdf
1612396800000,202005,SELECTION LIST -INSURANCE MEDICAL OFFICER EXAM-2020 (04-02-2021),/assets/pdf/result/SL_IMO_2020_04022021.pdf
1612396800000,202005,STATEMENT OF MARKS IN FINAL SELECTION,/assets/pdf/result/ML_IMO_25022021.pdf
1612396800000,202003,"SELECTION LIST -ASSISTANT GEO-HYDROLOGIST, ASSISTANT GEO-PHYSICS, ASSISTANT GEO-CHEMIST EXAMINATION-2020 (04-02-2021)",/assets/pdf/result/SL_AGH_AGP_AGC_2020_04022021.pdf
1612396800000,202003,STATEMENT OF MARKS IN FINAL SELECTION (ASSISTANT GEO-HYDROLOGIST),/assets/pdf/result/ML_AGH_25022021.pdf
1616630400000,202003, STATEMENT OF MARKS IN FINAL SELECTION (ASSISTANT GEO-PHYSICS) ,/assets/pdf/result/ML_AGP_25022021.pdf
1616630400000,202003, STATEMENT OF MARKS IN FINAL SELECTION (ASSISTANT GEO-CHEMIST),/assets/pdf/result/ML_AGC_25022021.pdf
1611273600000,202008,"SELECTION LIST -ASSISTANT DIRECTOR, JANSAMPARK (ENGLISH MED.) EXAMINATION-2020 (22-01-2021)",/assets/pdf/result/SL_ADJEM_2020_22012021.pdf
1611273600000,202008,STATEMENT OF MARKS IN FINAL SELECTION,/assets/pdf/result/ML_ADJEM_2020_22012021.pdf
1611100800000,202006,"WRITTEN EXAM RESULT -ASSISTANT DIRECTOR, AGRICULTURE EXAMINATION-2020 (20-01-2021)",/assets/pdf/result/WER_ADA_2020_20012021.pdf
1611014400000,201902,WRITTEN EXAM RESULT -ASSISTANT PROFESSOR EXAMINATION-2019-(24 SUBJECTS) (19-01-2021),/assets/pdf/result/wer_ap_2019/PN_WER_AP_2019_19012021.pdf
1611014400000,201902,SUBJECT WISE WRITTEN EXAM RESULT - (19-01-2021),https://psc.cg.gov.in/HTM/WER_AP_2019.HTML
1610582400000,202005,WRITTEN EXAM RESULT -INSURANCE MEDICAL OFFICER EXAMINATION-2020 (14-01-2021),/assets/pdf/result/WER_IMO_2020_14012021.pdf
1610582400000,202003,"WRITTEN EXAM RESULT -ASSISTANT GEO-HYDROLOGIST, ASSISTANT GEO-PHYSICS, ASSISTANT GEO-CHEMIST EXAMINATION-2020 (14-01-2021)",/assets/pdf/result/WER_AGH_AGP_AGC_2020_14012021.pdf
1609718400000,202008,"WRITTEN EXAM RESULT -ASSISTANT DIRECTOR, JANSAMPARK (ENGLISH MED.) EXAMINATION-2020 (04-01-2021)",/assets/pdf/result/WER_ADJEM_2020_04012021.pdf
1609286400000,202004,SELECTION LIST -VETERINARY ASSISTANT SURGEON-2020 (30-12-2020),/assets/pdf/result/SL_VAS_2020_30122020.pdf
1609286400000,202004,STATEMENT OF MARKS IN FINAL SELECTION,/assets/pdf/result/ML_VAS_2020_30122020.pdf
1609113600000,201907,WRITTEN EXAM EXTENDED RESULT -STATE SERVICE (PRELIMS) EXAMINATION-2019 (28-12-2020),/assets/pdf/result/WER_EXT_SSPE_2019_28122020.pdf
1608595200000,202002,WRITTEN EXAM RESULT -CIVIL JUDGE (ENTRY LEVEL) EXAMINATION-2020 (22-12-2020),/assets/pdf/result/WER_CJ_2020_22122020.pdf
1604707200000,201903,SELECTION LIST -CIVIL JUDGE EXAMINATION-2019 (07-11-2020),/assets/pdf/result/SL_CJ_2019_07112020.pdf
1604707200000,201903,STATEMENT OF MARKS IN FINAL SELECTION ,/assets/pdf/result/ML_CJ_2019_07112020.pdf
1604707200000,201903,STATEMENT OF MARKS IN WTITTEN EXAM (MAINS),/assets/pdf/result/WML_CJM_2019_17022021.pdf
1602547200000,201903,WRITTEN EXAM RESULT -CIVIL JUDGE (MAINS) EXAMINATION-2019 (13-10-2020),/assets/pdf/result/WER_CJM_2019_13102020.pdf
1600387200000,201905,SELECTION LIST -SPORTS OFFICER (HIGHER EDUCATION DEPT.) EXAM-2019 (18-09-2020),/assets/pdf/result/SL_SO_2019_18092020.pdf
1600387200000,201905,STATEMENT OF MARKS IN FINAL SELECTION ,/assets/pdf/result/ML_SO_2019_18092020.pdf
1600387200000,201905,STATEMENT OF MARKS IN WRITTEN EXAM,/assets/pdf/result/WML_SO_2019_21092020.pdf
1599868800000,201905,SELECTION LIST -LIBRARIAN (HIGHER EDUCATION DEPT.) EXAM-2019 (12-09-2020),/assets/pdf/result/SL_LIB_2019_12092020.pdf
1599868800000,201905,STATEMENT OF MARKS IN FINAL SELECTION ,/assets/pdf/result/ML_LIB_2019_14092020.pdf
1599868800000,201905,STATEMENT OF MARKS IN WRITTEN EXAM,/assets/pdf/result/WML_LIB_2019_15092020.pdf
1591920000000,201907,WRITTEN EXAM RESULT -STATE SERVICE (PRELIMS) EXAMINATION-2019,/assets/pdf/result/WER_SSPE_2019.pdf
1653868800000,200901,AMENDED SELECTION LIST -ASTT. PROFESSOR EXAM-2009 [GEOGRAPHY],/assets/pdf/result/ASL_AP09_GEOGRAPHY_30052020.pdf
1653868800000,200901,STATEMENT OF MARKS IN FINAL SELECTION,/assets/pdf/result/ML_AP09_GEOGRAPHY.pdf
1584403200000,201905,WRITTEN EXAM RESULT - LIBRARIAN-2019 ,/assets/pdf/result/WER_LIB_2019.pdf
1584403200000,201905,WRITTEN EXAM RESULT -SPORTS OFFICER-2019,/assets/pdf/result/WER_SO_2019.pdf
1580515200000,201807,SELECTION LIST - STATE SERVICE EXAMINATION-2018,/assets/pdf/result/SL_SSE_2018.pdf
1580515200000,201807,DETAILED MERIT LIST,/assets/pdf/result/DML_SSE_2018.pdf
1580515200000,201807,STATEMENT OF MARKS IN MAINS EXAM ,/assets/pdf/result/WML_SSME_2018.pdf
1580515200000,201807,STATEMENT OF MARKS IN PRELIMS EXAM,/assets/pdf/result/WML_SSPE_2018.pdf
1577750400000,201801,SELECTION LIST - DRIVER (CGPSC)-2018 ,/assets/pdf/result/SL_DRIVER_CGPSC_2018.pdf
1577750400000,201801,STATEMENT OF MARKS IN FINAL SELECTION,/assets/pdf/result/ML_DRIVER_CGPSC_2018.pdf
1576713600000,201807,WRITTEN EXAM RESULT - STATE SERVICE (MAINS) EXAMINATION-2018,/assets/pdf/result/WER_SSME_2018.pdf
1576195200000,201904,"SELECTION LIST - ASSISTANT DIRECTOR (DEPT. OF PLANNING, ECONOMICS & STATISTICS)-2019 ",/assets/pdf/result/SL_ADPES_2019.pdf
1576195200000,201904,STATEMENT OF MARKS IN FINAL SELECTION,/assets/pdf/result/ML_ADPES_2019.pdf
1576195200000,201904,STATEMENT OF MARKS IN WRITTEN EXAM,/assets/pdf/result/WML_ADPES_2019_17092020.pdf
1576108800000,201810,SELECTION LIST - ASSISTANT DIRECTOR PLANNING-2018 ,/assets/pdf/result/SL_ADP_2018.pdf
1576108800000,201810,STATEMENT OF MARKS IN FINAL SELECTION ,/assets/pdf/result/ML_ADP_2018.pdf
1576108800000,201810, STATEMENT OF MARKS IN WRITTEN EXAM,/assets/pdf/result/WML_ADP_2018_17092020.pdf
1576108800000,201810,SELECTION LIST - ASSISTANT DIRECTOR SURVEY-2018 ,/assets/pdf/result/SL_ADS_2018.pdf
1576108800000,201810,STATEMENT OF MARKS IN FINAL SELECTION,/assets/pdf/result/ML_ADS_2018.pdf
1576108800000,201810, STATEMENT OF MARKS IN WRITTEN EXAM,/assets/pdf/result/WML_ADS_2018_17092020.pdf
1573430400000,201904,"WRITTEN EXAM RESULT - ASSISTANT DIRECTOR (PLANNNING, ECONOMICS, STATISTICS )-2019",/assets/pdf/result/WER_ADPES_2019.pdf
1573430400000,201810,"WRITTEN EXAM RESULT - ASSISTANT DIRECTOR, PLANNING -2018 ",/assets/pdf/result/WER_ADP_2018.pdf
1573430400000,201810,"WRITTEN EXAM RESULT - ASSISTANT DIRECTOR, SURVEY-2018",/assets/pdf/result/WER_ADS_2018.pdf
1566518400000,201801,"SELECTION LIST - PEON, DAK RUNNER, FARRASH (CGPSC)-2018 ",/assets/pdf/result/SL_COS2_2018.pdf
1566518400000,201801,STATEMENT OF MARKS IN FINAL SELECTION,/assets/pdf/result/ML_COS_2018.pdf
1564531200000,201906,SELECTION LIST - LECTURER (HFW DEPT.)-2019 ,/assets/pdf/result/SL_LECT_HFW_2019.pdf
1564531200000,201906,STATEMENT OF MARKS IN FINAL SELECTION,/assets/pdf/result/ML_LECT_HFW_2019.pdf
1563753600000,201801,WRITTEN EXAM RESULT- PEON (CGPSC) EXAM-2018 ,/assets/pdf/result/WER_Peon_CGPSC_2018.pdf
1563753600000,201801,DAK RUNNER (CGPSC) EXAM-2018 ,/assets/pdf/result/WER_DAK_RUNNER_CGPSC_2018.pdf
1563753600000,201801, DRIVER (CGPSC) EXAM-2018 ,/assets/pdf/result/WER_DRIVER_CGPSC_2018.pdf
1563753600000,201801,FARRASH (CGPSC) EXAM-2018,/assets/pdf/result/WER_Farrash_CGPSC_2018.pdf
1562803200000,201809,SELECTION LIST - CHIEF MUNICIPAL OFFICER (VARG 'KHA' & 'GA') EXAM-2018,/assets/pdf/result/SL_CMO_2018.pdf
1562803200000,201809,MERIT LIST,/assets/pdf/result/ML_CMO_2018.pdf
1562371200000,200807,RESULT NOTIFICATION AYURVEDA MEDICAL OFFICER EXAM-2008,/assets/pdf/result/Noti_AMO_2008.pdf
1562025600000,201903,WRITTEN EXAM RESULT CIVIL JUDGE (ENTRY LEVEL) EXAM-2019,/assets/pdf/result/WER_CJP_2019.pdf
1560384000000,201809,WRITTEN EXAM RESULT CHIEF MUNICIPAL OFFICER (VARG 'KHA' & 'GA') EXAM-2018,/assets/pdf/result/WER_CMO_2018.pdf
1560297600000,201808,SELECTION LIST ASTT. DIRECTOR JANSAMPARK EXAM-2018 ,/assets/pdf/result/SL_ADJ_2018.pdf
1560297600000,201808,STATEMENT OF MARKS IN FINAL SELECTION ,/assets/pdf/result/ML_ADJ_2018.pdf
1560297600000,201808,STATEMENT OF MARKS IN WRITTEN EXAM,/assets/pdf/result/WM_ADJ_2018.pdf
1558396800000,201808,WRITTEN EXAM RESULT ASTT. DIRECTOR JANSAMPARK EXAM-2018,/assets/pdf/result/WER_ADJ_2018.pdf
1555459200000,201807,WRITTEN EXAM RESULT STATE SERVICE (PRELIMS) EXAM-2018 ,/assets/pdf/result/WER_SSPE_2018.pdf
1560297600000,201808,PRESS NOTIFICATION,/assets/pdf/result/PN_SSPE_2018.pdf
1551916800000,201804,SELECTION LIST -ASSISTANT GEOLOGIST AND MINING INSPECTOR EXAM-2018,/assets/pdf/result/SL_AGMI_2018.pdf
1551916800000,201804,STATEMENT OF MARKS IN FINAL SELECTION[ASTT. GEOLOGIST] ,/assets/pdf/result/AGMI2018/ML_AG_2018.pdf
1551916800000,201804,STATEMENT OF MARKS IN FINAL SELECTION [MINING INSPECTOR] ,/assets/pdf/result/AGMI2018/ML_MI_2018.pdf
1551916800000,201804,STATEMENT OF MARKS IN WRITTEN EXAM [ASTT. GEOLOGIST] ,/assets/pdf/result/AGMI2018/WM_AG_2018.pdf
1551916800000,201804,STATEMENT OF MARKS IN WRITTEN EXAM [MINING INSPECTOR],/assets/pdf/result/AGMI2018/WM_MI_2018.pdf
1551225600000,201805,SELECTION LIST -DSP (RADIO) EXAM-2018,/assets/pdf/result/SL_DSPR_2018.pdf
1551225600000,201805,STATEMENT OF MARKS IN FINAL SELECTION ,/assets/pdf/result/ML_DSPR_2018.pdf
1551225600000,201805,STATEMENT OF MARKS IN WRITTEN EXAM,/assets/pdf/result/WM_DSPR_2018.pdf
1550620800000,201803,SELECTION LIST -SCIENTIFIC OFFICER EXAM-2018,/assets/pdf/result/SL_SO_2018.pdf
1550620800000,201803,STATEMENT OF MARKS IN FINAL SELECTION ,/assets/pdf/result/SO_2018/ML_SO_2018.pdf
1550620800000,201803,STATEMENT OF MARKS IN WRITTEN EXAM (BIOLOGY) ,/assets/pdf/result/SO_2018/WM_SO_B_2018.pdf
1550620800000,201803,STATEMENT OF MARKS IN WRITTEN EXAM (CHEMISTRY) ,/assets/pdf/result/SO_2018/WM_SO_C_2018.pdf
1550620800000,201803,STATEMENT OF MARKS IN WRITTEN EXAM (PHYSICS),/assets/pdf/result/SO_2018/WM_SO_P_2018.pdf
1550188800000,201804,WRITTEN EXAM RESULT -ASSISTANT GEOLOGIST AND MINING INSPECTOR-2018,/assets/pdf/result/WER_AGMI_2018.pdf
1550188800000,201805,DSP(RADIO)-2018,/assets/pdf/result/WER_DSPR_2018.pdf
1550016000000,201713,SELECTION LIST -STATE ENGINEERING SERVICE EXAM-2017,/assets/pdf/result/SL_SES_2017.pdf
1550016000000,201713,STATEMENT OF MARKS IN FINAL SELECTION,/assets/pdf/result/SES2017/ML_SES_2017.pdf
1550016000000,201713,STATEMENT OF MARKS IN WRITTEN EXAM (CIVIL) ,/assets/pdf/result/SES2017/WM_SES_CIVIL_2017.pdf
1550016000000,201713,STATEMENT OF MARKS IN WRITTEN EXAM (MECHANICAL),/assets/pdf/result/SES2017/WM_SES_MECHANICAL_2017.pdf
1550016000000,201713,STATEMENT OF MARKS IN WRITTEN EXAM (ELECTRICAL),/assets/pdf/result/SES2017/WM_SES_ELECTRICAL_2017.pdf
1548374400000,201806,SELECTION LIST READER EXAM-2018 (HFW),/assets/pdf/result/SL-Reader-HFW-2018.pdf
1548374400000,201806,STATEMENT OF MARKS IN FINAL SELECTION,/assets/pdf/result/ML-Reader-HFW-2018.pdf
1548720000000,201714,SELECTION LIST STATE SERVICE EXAM-2017 ,/assets/pdf/result/SL-SSE-201729012019hi.pdf
1548720000000,201714,DETAILED MERIT LIST,/assets/pdf/result/DML_SSE_2017.pdf
1547769600000,200901,AMENDED SELECTION LIST -ASTT. PROFESSOR EXAM-2009 [CHEMISTRY],/assets/pdf/result/ASL-Chem-2009-18012019.pdf
1547769600000,200901,STATEMENT OF MARKS IN FINAL SELECTION,/assets/pdf/result/ML_AP14_18032020.pdf
1546905600000,201803,WRITTEN EXAM RESULT SCIENTIFIC OFFICER EXAM-2018,/assets/pdf/result/WER-SO-2018.pdf
1546560000000,201801,SELECTION LIST -STORE KEEPER (CGPSC)-2018,/assets/pdf/result/SL-SKCGPSC-2018.pdf
1546560000000,201801,STATEMENT OF MARKS IN FINAL SELECTION,/assets/pdf/result/ML-SKCGPSC-2018.pdf
1546387200000,201713,WRITTEN EXAM RESULT -STATE ENGINEERING SERVICE EXAM-2017,/assets/pdf/result/WER_SES_2017.pdf
1545436800000,201801,SELECTION LIST -GRANTHPAL (CGPSC)-2018,/assets/pdf/result/SL_LIBCGPSC18_22122018.pdf
1545436800000,201801,STATEMENT OF MARKS IN FINAL SELECTION,/assets/pdf/result/ML_LIBCGPSC18_22122018.pdf
1545004800000,201513,SELECTION NOTIFICATION -MODERN OFFICE MANAGEMENT -2013 [Writ Pitition No- 2075/2016],/assets/pdf/result/ASL_HODMOM2015_17122018.pdf
1545004800000,200901,AMENDED SELECTION LIST -ASTT. PROFESSOR EXAM-2009 [GEOGRAPHY] ,/assets/pdf/result/ASL_AP09_GEOGRAPHY_17122018.pdf
1545004800000,200901,AMENDED SELECTION LIST -ASTT. PROFESSOR EXAM-2009 [ENGLISH],/assets/pdf/result/ASL_AP09_ENGLISH_17122018.pdf
1545004800000,200901,STATEMENT OF MARKS IN FINAL SELECTION [ENGLISH],/assets/pdf/result/ML_AP09ENGLISH_10072019.pdf
1544572800000,201702,SELECTION LIST OF VARIOUS POSTS OF SPORTS AND YOUTH WELFARE EXAM-2018 - ADMINISTRATOR ,/assets/pdf/result/SL-ADMIN-SYW18-12122018.pdf
1544572800000,201702,SELECTION LIST OF VARIOUS POSTS OF SPORTS AND YOUTH WELFARE EXAM-2018 - SPORTS OFFICER ,/assets/pdf/result/SL-SO-SYW18-12122018.pdf
1544572800000,201702,SELECTION LIST OF VARIOUS POSTS OF SPORTS AND YOUTH WELFARE EXAM-2018 -  ASSISTANT DIRECTOR,/assets/pdf/result/SL-AD-SYW18-12122018.pdf
1544572800000,201702,SELECTION LIST OF VARIOUS POSTS OF SPORTS AND YOUTH WELFARE EXAM-2018 - YOUTH WELFARE OFFICER,/assets/pdf/result/SL-YWO-SYW18-12122018.pdf
1544572800000,201702,STATEMENT OF MARKS IN FINAL SELECTION,/assets/pdf/result/ML-SYW-2018-12122018.pdf
1544572800000,201702,STATEMENT OF MARKS IN WRITTEN EXAM (ADMINISTRATOR),/assets/pdf/result/SYW2018/WM_ADMIN_2018.pdf
1544572800000,201702,STATEMENT OF MARKS IN WRITTEN EXAM (ASSISTANT DIRECTOR),/assets/pdf/result/SYW2018/WM_AD_2018.pdf
1544572800000,201702,STATEMENT OF MARKS IN WRITTEN EXAM (SPORTS OFFICER) ,/assets/pdf/result/SYW2018/WM_SO_2018.pdf
1544572800000,201702,STATEMENT OF MARKS IN WRITTEN EXAM (YOUTH WELFARE OFFICER),/assets/pdf/result/SYW2018/WM_YWO_2018.pdf
1544140800000,201715,SELECTION LIST - CG STATE FOREST SERVICE (COMBINED) EXAM-2017,/assets/pdf/result/SL-CGFSE-2017.pdf
1544140800000,201715,STATEMENT OF MARKS IN FINAL SELECTION,/assets/pdf/result/ML_CGFSE2018_17122018.pdf
1543276800000,201714,WRITTEN EXAM RESULT - STATE SERVICE (MAINS) EXAM-2017,/assets/pdf/result/WER-SSME-2017.pdf
1541376000000,201702,WRITTEN EXAM RESULT VARIOUS POSTS OF SPORTS AND YOUTH WELFARE DEPT.-2018 -YOUTH WELFARE OFFICER,/assets/pdf/result/WER-YW-OFFICER-2018.pdf
1541376000000,201702,WRITTEN EXAM RESULT VARIOUS POSTS OF SPORTS AND YOUTH WELFARE DEPT.-2018 - SPORTS OFFICER ,/assets/pdf/result/WER-SPORTS-OFFICER-2018.pdf
1541376000000,201702,WRITTEN EXAM RESULT VARIOUS POSTS OF SPORTS AND YOUTH WELFARE DEPT.-2018 - ADMINISTRATOR ,/assets/pdf/result/WER-ADMINISTRATOR-2018.pdf
1541376000000,201702,WRITTEN EXAM RESULT VARIOUS POSTS OF SPORTS AND YOUTH WELFARE DEPT.-2018 - ASSISTANT DIRECTOR,/assets/pdf/result/WER-AD-2018.pdf
1541376000000,200901,WRITTEN EXAM RESULT (Writ Pitition No.-2174/2011) -ASSISTANT PROFESSOR EXAM-2009 (GEOGRAPHY),/assets/pdf/result/WER-AP-2009-Geography-05112018.pdf
1538352000000,201715,WRITTEN EXAM RESULT -CG STATE FOREST (COMBINED) SERVICE EXAM-2017,/assets/pdf/result/WER-CGFSE-2017.pdf
1538179200000,200901,AMENDED SELECTION LIST -ASTT. PROFESSOR EXAM-2009 [ECONOMICS],/assets/pdf/result/ASL-AP-2009-ECONOMICS-29092018.pdf
1537574400000,201801,WRITTEN EXAM RESULT FOR VARIOUS POSTS OF CGPSC-2018-STENO TYPIST ,/assets/pdf/result/WERCGPSCST2018.pdf
1537574400000,201801,WRITTEN EXAM RESULT FOR VARIOUS POSTS OF CGPSC-2018-STENO GRAPHER ,/assets/pdf/result/WERCGPSCSG032018.pdf
1537574400000,201801,WRITTEN EXAM RESULT FOR VARIOUS POSTS OF CGPSC-2018-GRANTHPAL,/assets/pdf/result/WERCGPSCLIB2018.pdf
1537574400000,201801,WRITTEN EXAM RESULT FOR VARIOUS POSTS OF CGPSC-2018-STORE KEEPER ,/assets/pdf/result/WERCGPSCSK2018.pdf
1537574400000,201507,WRITTEN EXAM RESULT FOR VARIOUS POSTS OF CGPSC-2018-AG-03 (BACKLOG)-2015 ,/assets/pdf/result/WERCGPSCAG3BACKLOG2015.pdf
1537574400000,201801,WRITTEN EXAM RESULT FOR VARIOUS POSTS OF CGPSC-2018-ASSISTANT GRADE-03,/assets/pdf/result/WERCGPSCAG32018.pdf
1535414400000,201411,AMENDED SELECTION LIST -ASTT. PROFESSOR EXAM-2014 [10 SUBJECTS],/assets/pdf/result/ASL_AP_2014_10_SUBJECTS.pdf
1535414400000,201411,AMENDED STATEMENT OF MARKS IN FINAL SELECTION[Hindi],/assets/pdf/result/AML_AP_HINDI_2014.pdf
1535414400000,201411,STATEMENT OF MARKS IN FINAL SELECTION[COMMERCE],/assets/pdf/result/ML_AP_COMMERCE_2014.pdf
1535414400000,201411,STATEMENT OF MARKS IN WRITTEN EXAM[COMMERCE],/assets/pdf/result/WM_AP_Commerce_2014_21102020.pdf
1525910400000,201711,SELECTION LIST -AYURVED MEDICAL OFFICER EXAM-2017,/assets/pdf/result/SL_AMO_2017.pdf
1525910400000,201711,STATEMENT OF MARKS IN FINAL SELECTION,/assets/pdf/result/ML_AMO_2017.pdf
1524009600000,201714,WRITTEN EXAM RESULT -STATE SERVICE (PRELIMS) EXAM-2017,/assets/pdf/result/WER_SSPE_2017.pdf
1523577600000,201705,SELECTION LIST -VYAVHAR NAYADHISH (CIVIL JUDGE) EXAM-2017,/assets/pdf/result/SL_CJ_2017.pdf
1523577600000,201705,STATEMENT OF MARKS IN FINAL SELECTION ,/assets/pdf/result/ML_CJ_2017.pdf
1523577600000,201705,STATEMENT OF MARKS IN WRITTEN (MAINS) EXAM ,/assets/pdf/result/WM_CJM_2017.pdf
1523577600000,201705,STATEMENT OF MARKS IN WRITTEN (PRELIMS) EXAM,/assets/pdf/result/WM_CJP_2017.pdf
1523404800000,201710,SELECTION LIST -LEGAL (LAW) OFFICER (HOME(JAIL) DEPT.) EXAM-2017,/assets/pdf/result/SL_LO_2017.pdf
1523404800000,201710,STATEMENT OF MARKS IN FINAL SELECTION,/assets/pdf/result/ML_LO_2017.pdf
1523404800000,201706,SELECTION LIST -REGISTRAR (HIGHER EDUCATION DEPT.) EXAM-2017,/assets/pdf/result/SL_REG_2017.pdf
1523404800000,201706,STATEMENT OF MARKS IN FINAL SELECTION ,/assets/pdf/result/ML_REG_2017.pdf
1523404800000,201706,ABSENT IN INTERVIEW,/assets/pdf/result/ABS_REG_2017.pdf
1523404800000,201706,STATEMENT OF MARKS IN WRITTEN EXAM,/assets/pdf/result/WM_REG_2017.pdf
1522195200000,201711,WRITTEN EXAM RESULT -AYURVED MEDICAL OFFICER EXAM-2017,/assets/pdf/result/WER_AMO_2017.pdf
1520467200000,201705,WRITTEN EXAM RESULT -CIVIL JUDGE (MAINS) EXAM-2017,/assets/pdf/result/WER_CJME_2017.pdf
1520467200000,201706,WRITTEN EXAM RESULT -REGISTRAR EXAM-2017,/assets/pdf/result/WER_REG_2017.pdf
1520467200000,201710,WRITTEN EXAM RESULT -LEGAL OFFICER EXAM-2017,/assets/pdf/result/WER_LO_2017.pdf
1519257600000,201709,SELECTION LIST -HOMOEOPATHY MEDICAL OFFICER EXAM-2017,/assets/pdf/result/SL_HMO_2017.pdf
1519257600000,201709,STATEMENT OF MARKS IN FINAL SELECTION,/assets/pdf/result/ML_HMO_2017.pdf
1519257600000,201709,STATEMENT OF MARKS IN WRITTEN EXAM,/assets/pdf/result/WM_HMO_2017.pdf
1519084800000,201707,"SELECTION LIST -LECTURER (MECH.ENGG), LIBRARIAN EXAM-2017",/assets/pdf/result/SL_LECT_ME_LIB_2017.pdf
1519084800000,201707,STATEMENT OF MARKS IN FINAL SELECTION(LECT. MECH. ENGG.),/assets/pdf/result/ML_LECT_ME_2017.pdf
1519084800000,201707,STATEMENT OF MARKS IN FINAL SELECTION(LIBRARIAN),/assets/pdf/result/ML_LIB_2017_HL.pdf
1519084800000,201707,STATEMENT OF MARKS IN WRITTEN EXAM(LECT. MECH. ENGG.),/assets/pdf/result/WM_LECT_ME_2017.pdf
1519084800000,201708,"SELECTION LIST -ASTT. DIRECTOR, HANDLOOM EXAM-2017",/assets/pdf/result/SL_ADH_2017.pdf
1519084800000,201708,STATEMENT OF MARKS IN FINAL SELECTION,/assets/pdf/result/ML_ADH_2017.pdf
1519084800000,201708,STATEMENT OF MARKS IN WRITTEN EXAM,/assets/pdf/result/WM_ADH_2017.pdf
1516320000000,201708,"WRITTEN EXAM RESULT -ASTT. DIRECTOR, HANDLOOM EXAM-2017",/assets/pdf/result/WER_ADH_2017.pdf
1515628800000,201712,SELECTION LIST UNANI MEDICAL OFFICER-2017,/assets/pdf/result/SL_UMO_2017.pdf
1515628800000,201712,STATEMENT OF MARKS IN FINAL SELECTION,/assets/pdf/result/ML_UMO_2017.pdf
1515628800000,201704,"SELECTION LIST ASTT. DIRECTOR, RESHAM EXAM-2017",/assets/pdf/result/SL_ADS_2017.pdf
1515628800000,201704,STATEMENT OF MARKS IN FINAL SELECTION,/assets/pdf/result/ML_ADS_2017.pdf
1515628800000,201704,STATEMENT OF MARKS IN WRITTEN EXAM,/assets/pdf/result/WM_ADS_2017.pdf
1515628800000,201701,SELECTION LIST LIBRARIAN (TECH. DEPT.) EXAM-2017,/assets/pdf/result/SL_LIB_2017.pdf
1515628800000,201701,STATEMENT OF MARKS IN FINAL SELECTION,/assets/pdf/result/ML_LIB_2017.pdf
1515542400000,201709,WRITTEN EXAM RESULT -HOMOEOPATHY MEDICAL OFFICER EXAM-2017,/assets/pdf/result/WER_HMO_2017.pdf
1515542400000,201707,WRITTEN EXAM RESULT -LECTURER (MECH. ENGG.) EXAM-2017 ,/assets/pdf/result/WER_LME_2017.pdf
1515542400000,201707,WRITTEN EXAM RESULT - LIBRARIAN EXAM-2017,/assets/pdf/result/WER_lIB(HANDLOOM)_2017.pdf
1515456000000,201701,SELECTION LIST SPORTS OFFICER EXAM-2017,/assets/pdf/result/SL_SO_2017.pdf
1515456000000,201701,STATEMENT OF MARKS IN FINAL SELECTION,/assets/pdf/result/ML_SO_2017.pdf
1515456000000,201701,ABSENT IN INTERVIEW,/assets/pdf/result/ABS_SO_2017.pdf
1514592000000,201611,SELECTION LIST- STATE SERVICE EXAM-2016 ,/assets/pdf/result/SSE2016/SL_SSE_2016.pdf
1514592000000,201611,PRESS NOTIFICATION,/assets/pdf/result/SSE2016/ML_SSE_2016_PN.pdf
1514592000000,201611,DETAILED MERIT LIST,/assets/pdf/result/SSE2016/ML_SSE_2016.pdf
1514592000000,201611,STATEMENT OF MARKS IN MAINS(QUALIFIED) ,/assets/pdf/result/SSE2016/ML_SSME_2016_Q.pdf
1514592000000,201611, STATEMENT OF MARKS IN MAINS (NOT QUALIFIED) ,/assets/pdf/result/SSE2016/ML_SSME_2016_NQ.pdf
1514592000000,201611,STATEMENT OF MARKS IN PRELIMS (PRESENT CANDIDATES),/assets/pdf/result/SSE2016/ML_SSPE_2016.pdf
1511568000000,201405,"SELECTION LIST ASTT. PROFESSOR - BIOTECHNOLOGY, BIOINFORMATICS EXAM-2014",/assets/pdf/result/SL_AP_BIOTECH_BIOINFOR_2014.pdf
1511568000000,201409,SELECTION LIST ASTT. PROFESSOR - PHYSIOTHEROPY AND DEMONSTRATOR PHYSIOTHEROPY EXAM-2014,/assets/pdf/result/SL_AP_DEMO_PHYSIO_2014.pdf
1511568000000,201409,STATEMENT OF MARKS IN WRITTEN EXAM (ASTT. PROFESSOR),/assets/pdf/result/WM_AP_PHYSIO_2014.pdf
1511568000000,201409,STATEMENT OF MARKS IN WRITTEN EXAM (DEMONSTRATOR),/assets/pdf/result/WM_DEMO_PHYSIO_2014.pdf
1511568000000,201409,STATEMENT OF MARKS IN FINAL SELECTION (ASTT. PROFESSOR),/assets/pdf/result/ML_AP_PHYSIO_2014_27022024.pdf
1511481600000,201702,SELECTION LIST SCIENTIFIC OFFICER (BOTANY/PHARMACOGNOSY) EXAM-2017,/assets/pdf/result/SL_SO_BOTANY_2017.pdf
1511481600000,201707,"SELECTION LIST -LECTURER(WEAVING, TEXTILE DESIGN, DYEING/PROCESSING,PRINTING/TESTING)-2017",/assets/pdf/result/SL_LECT_2017.pdf
1511395200000,201704,"WRITTEN EXAM RESULT -ASTT. DIRECTER, SERICULTURE EXAM-2017",/assets/pdf/result/WER_ADS_2017.pdf
1511395200000,201701,WRITTEN EXAM RESULT -LIBRARIAN EXAM-2017,/assets/pdf/result/WER_LIB_2017.pdf
1511395200000,201701,WRITTEN EXAM RESULT -SPORTS OFFICER EXAM-2017,/assets/pdf/result/WER_SO_2017.pdf
1510876800000,201611,WRITTEN EXAM RESULT -STATE SERVICE (MAINS) EXAM-2016,/assets/pdf/result/WER_SSME_2016.pdf
1509062400000,201703,SELECTION LIST-SAHAYAK JILA LOK ABHIYOJAN [ADPPO] ADHIKARI EXAM-2017,/assets/pdf/result/SL_ADPPO_2017.pdf
1509062400000,201703,STATEMENT OF MARKS IN FINAL SELECTION,/assets/pdf/result/ML_ADPPO_2017.pdf
1506384000000,201702,WRITTEN EXAM RESULT-SCIENTIFIC OFFICER (CHEMISTRY) & SCIENTIFIC OFFICER (BOTANY/PHARMACOGNOSY) EXAM-2017,/assets/pdf/result/WER_SO_C_B_2017.pdf
1506124800000,201608,SLECTION LIST-CIVIL JUDGE EXAM-2016,/assets/pdf/result/SL_CJ_2016.pdf
1506124800000,201608,STATEMENT OF MARKS IN FINAL SELECTION,/assets/pdf/result/ML_CJ_2016_14022022.pdf
1506124800000,201703,WRITTEN EXAM RESULT-SAHAYAK JILA LOK ABHIYOJAN ADHIKARI [ADPPO] EXAM-2017,/assets/pdf/result/WER_ADPPO_2017.pdf
1505433600000,201705,WRITTEN EXAM RESULT-CIVIL JUDGE (ENTRY LEVEL) EXAM-2017,/assets/pdf/result/WER_CJP_2017.pdf
1503446400000,201411,AMENDED SELECTION LIST-ASTT.PROFESSOR (COMMERCE) EXAM-2014,/assets/pdf/result/AMEND_SL_AP_COMMERCE_2014.pdf
1502496000000,201609,"SELECTION LIST -ASTT.DIRECTOR, INDUSTRY/MANAGER EXAM-2016",/assets/pdf/result/SL_ADIM_2016.pdf
1502496000000,201609,STATEMENT OF MARKS IN FINAL SELECTION,/assets/pdf/result/ML_ADIM_2016.pdf
1501113600000,201409,"SELECTION LIST -ASTT. PROFESSOR DENTISTRY, SENIOR RESIDENT, RESIDENT, DENTAL SURGEON-2014",/assets/pdf/result/SL_DENTISTRY_09_2014.pdf
1500422400000,201608,WRITTEN EXAM RESULT -CIVIL JUDGE (MAINS) EXAM -2016,/assets/pdf/result/WER_CJME_2016.pdf
1499817600000,201411,SELECTION LIST -ASSISTANT PROFESSOR EXAM-2014 (27 SUBJECTS),/assets/pdf/result/SL_AP_2014.pdf
1499817600000,201411,PRESS NOTIFICATION,/assets/pdf/result/PN_AP_2014.pdf
1499817600000,201411,STATEMENT OF MARKS IN FINAL SELECTION,/assets/pdf/result/ML_AP_2014.pdf
1499817600000,201411,STATEMENT OF MARKS IN WRITTEN EXAM,/assets/pdf/result/WM_AP_2014.pdf
1498262400000,201411,WRITTEN EXAM RESULT -ASSISTANT PROFESSOR (ENGLISH)-2014,/assets/pdf/result/WER_AP_ENG_2014.pdf
1497484800000,201609,WRITTEN EXAM RESULT -ASSISTANT DIRECTOR INDUSTRY/MANAGER EXAM-2016,/assets/pdf/result/WER_ADIM_2016.pdf
1496707200000,201405,WRITTEN EXAM RESULT -ASSISTANT PROFESSOR (BIOTECHNOLOGY)-2014 ,/assets/pdf/result/WER_AP_BIOTECHNOLOGY_2014.pdf
1496707200000,201405,WRITTEN EXAM RESULT -ASSISTANT PROFESSOR (BIO-INFORMATICS)-2014 ,/assets/pdf/result/WER_AP_BIOINFORMATICS_2014.pdf
1496707200000,201405,WRITTEN EXAM RESULT -JUNIOR SCIENTIFIC OFFICER (BIO-CHEMISTRY)-2014 ,/assets/pdf/result/WER_JSO_BIOCHEMISTRY_2014.pdf
1496707200000,201409,WRITTEN EXAM RESULT - DEMONSTRATOR (PHYSIOTHERAPY)-2014,/assets/pdf/result/WER_DEMO_PHYSIO_2014.pdf
1496707200000,201409,WRITTEN EXAM RESULT -ASSISTANT PROFESSOR (PHYSIOTHERAPY)-2014,/assets/pdf/result/WER_AP_PHYSIO_2014.pdf
1495670400000,201411,WRITTEN EXAM RESULT -ASSISTANT PROFESSOR EXAM-2014 (26 SUBJECTS),/assets/pdf/result/WER_AP_2014.pdf
1495584000000,201702,"SELECTION LIST-READER(SANHITA SIDDHANT, KRIYA SHARIR), SCIENTIFIC OFFICER-2017 ",/assets/pdf/result/READER_SO_2017/SL_READER_SO_2017.pdf
1495584000000,201702,STATEMENT OF MARKS IN FINAL SELECTION,/assets/pdf/result/READER_SO_2017/ML_READER_SO_2017.pdf
1495584000000,201702,NOT ELIGIBLE/ABSENT CANDIDATES IN INTERVIEW,/assets/pdf/result/READER_SO_2017/NE_ABSENT_READER_SO_2017.pdf
1493078400000,201607,SELECTION LIST- ASTT. REGIONAL TRANSPORT OFFICER AND TRANSPORT SUB INSPECTOR (TECH.)-2016 ,/assets/pdf/result/SL_ARTO_TSI_2016.pdf
1493078400000,201607,STATEMENT OF MARKS IN FINAL SELECTION-ARTO-2016 ,/assets/pdf/result/ARTO_TSI_2016/ML_ARTO_2016.pdf
1493078400000,201607,STATEMENT OF MARKS IN FINAL SELECTION-TSI-2016 ,/assets/pdf/result/ARTO_TSI_2016/ML_TSI_2016.pdf
1493078400000,201607, ABSENT/NOT ELIGIBLE CANDIDATES IN INTERVIEW -TSI-2016 ,/assets/pdf/result/ARTO_TSI_2016//NE_ABSENT_TSI_2016.pdf
1493078400000,201607,STATEMENT OF MARKS IN WRITTEN EXAM-ARTO,/assets/pdf/result/WM_ARTO_2016.pdf
1493078400000,201607,STATEMENT OF MARKS IN WRITTEN EXAM-TSI,/assets/pdf/result/WM_TSI_2016.pdf
1493078400000,201604,SELECTION LIST- ASTT DIRECTOR (PLANNING) AND ASTT DIRECTOR (SURVEY)-2016,/assets/pdf/result/SL_ADPS_2016.pdf
1493078400000,201604,STATEMENT OF MARKS IN FINAL SELECTION-AD PLANNING-2016,/assets/pdf/result/ADPS_2016/ML_ADP_2016.pdf
1493078400000,201604,STATEMENT OF MARKS IN FINAL SELECTION-AD SURVEY-2016 ,/assets/pdf/result/ADPS_2016/ML_ADS_2016.pdf
1493078400000,201604, NOT ELIGIBLE CANDIDATES IN INTERVIEW -AD PLANNING -2016,/assets/pdf/result/ADPS_2016//NE_ADP_2016.pdf
1491523200000,201611,WRITTEN EXAM RESULT -STATE SERVICE (PRELIMS) EXAM-2016,/assets/pdf/result/WER_SSPE_2016.pdf
1491436800000,201608,WRITTEN EXAM RESULT -VYAVHAAR NAYADHEESH (CIVIL JUDGE-ENTRY LEVEL)-2016,/assets/pdf/result/WER_CJP_2016.pdf
1490918400000,201610,SELECTION LIST-ASTT. PROFESSOR (MEDICAL EDUCATION)-2016 ,/assets/pdf/result/SL_APME_2016.pdf
1490918400000,201610,STATEMENT OF MARKS IN FINAL SELECTION- 23 SUBJECTS ,/assets/pdf/result/ML_AP_MEDICAL_2016.pdf
1490918400000,201610, NOT ELIGIBLE/ABSENT CANDIDATES IN INTERVIEW,/assets/pdf/result/NE_ABSENT_AP_MEDICAL_2016.pdf
1493078400000,201612,SELECTION LIST-INSURANCE MEDICAL OFFICER-2016,/assets/pdf/result/SL_IMO_BACKLOG_2016.pdf
1493078400000,201612,MERIT LIST,/assets/pdf/result/ML_IMO_BACKLOG_2016.pdf
1490745600000,201601,SELECTION LIST- PRINCIPAL (VERG-2)-2016 ,/assets/pdf/result/PG2_2016/SL_PG2_2016.pdf
1490745600000,201601,STATEMENT OF MARKS IN FINAL SELECTION ,/assets/pdf/result/PG2_2016/ML_PG2_2016.pdf
1490745600000,201601,STATEMENT OF MARKS IN WRITTEN EXAM (ELIGIBLE),/assets/pdf/result/PG2_2016/WM_PG2_2016.pdf
1490745600000,201601,STATEMENT OF MARKS IN WRITTEN EXAM (NOT ELIGIBLE),/assets/pdf/result/PG2_2016/FAIL_PG2_2016.pdf
1490140800000,201607,WRITTEN EXAM RESULT - ASTT REGIONAL TRANSPORT OFFICER-2016 ,/assets/pdf/result/WER_ARTO_2016.pdf
1493078400000,201607,TRANSPORT SUB INSPECTOR (TECH.)-2016,/assets/pdf/result/WER_TSI_2016.pdf
1490140800000,201604,WRITTEN EXAM RESULT - ASTT DIRECTOR (PLANNING)-2016 ,/assets/pdf/result/WER_ADP_2016.pdf
1490140800000,201604,WRITTEN EXAM RESULT -ASTT DIRECTOR (SURVEY)-2016,/assets/pdf/result/WER_ADS_2016.pdf
1488240000000,201409,"MERIT LIST -ASTT. PROFESSOR DENTISTRY, SENIOR RESIDENT, RESIDENT, DENTAL SURGEON-2014",/assets/pdf/result/ML_DENTISTRY_09_2014.pdf
1486684800000,201601,WRITTEN EXAM RESULT - PRINCIPAL (VERG-2)-2016,/assets/pdf/result/WER_PG2_2016.pdf
1485907200000,201513,AMENDED FINAL SELECTION LIST - MODERN OFFICE MANAGEMENT-2015 ,/assets/pdf/result/ASL_MOM2015.pdf
1485907200000,201513,AMENDED FINAL SELECTION LIST - COSTUME DESIGNING AND DRESS MAKING-2015,/assets/pdf/result/ASL_CDD2015.pdf
1485734400000,200901,AMENDED FINAL SELECTION LIST -ASSISTANT PROFESSOR EXAM-2009- ENGLISH,/assets/pdf/result/AP09/ASL30012017/AP02.pdf
1485734400000,200901,AMENDED FINAL SELECTION LIST -ASSISTANT PROFESSOR EXAM-2009-ECONOMICS ,/assets/pdf/result/AP09/ASL30012017/AP04.pdf
1485734400000,200901,AMENDED FINAL SELECTION LIST -ASSISTANT PROFESSOR EXAM-2009- GEOGRAPHY,/assets/pdf/result/AP09/ASL30012017/AP06.pdf
1485734400000,200901,AMENDED FINAL SELECTION LIST -ASSISTANT PROFESSOR EXAM-2009- BOTANY ,/assets/pdf/result/AP09/ASL30012017/AP15.pdf
1485734400000,200901,AMENDED FINAL SELECTION LIST -ASSISTANT PROFESSOR EXAM-2009- ZOOLOGY,/assets/pdf/result/AP09/ASL30012017/AP16.pdf
1485734400000,200901,AMENDED FINAL SELECTION LIST -ASSISTANT PROFESSOR EXAM-2009- SOCIOLOGY,/assets/pdf/result/AP09/ASL30012017/AP32.pdf
1484870400000,201508,STATE SERVICE EXAM-2015- SELECTION LIST ,/assets/pdf/result/SSE2015/SSE2015_SL.pdf
1484352000000,201508, PRESS NOTIFICATION ,/assets/pdf/result/SSE2015/SSE2015_PN.pdf
1484352000000,201508,DETAILED MERIT LIST ,/assets/pdf/result/SSE2015/SSE2015_DML.pdf
1484352000000,201508,CUT-OFF MARKS OF SSE (MAINS) EXAM-2015 ,/assets/pdf/result/SSE2015/CO_SSME_2015.pdf
1484352000000,201508,STATEMENT OF MARKS IN WRITTEN EXAM(QUALIFIED FOR INTERVIEW),/assets/pdf/result/SSE2015/ML_SSE2015_REMARK.pdf
1484352000000,201508,STATEMENT OF MARKS IN WRITTEN EXAM (ELIGIBLE CANDIDATES) ,/assets/pdf/result/SSE2015/LIST_OF_ELIGIBLE_CANDIDATES.pdf
1484352000000,201508,STATEMENT OF MARKS IN WRITTEN EXAM (NOT ELIGIBLE CANDIDATES),/assets/pdf/result/SSE2015/LIST_OF_NOT_ELIGIBLE_CANDIDATES.pdf
1484352000000,201508,STATEMENT OF MARKS IN PRELIMS EXAM,/assets/pdf/result/SSE2015/WM_SSPE2015.pdf
1483574400000,201409,WRITTEN EXAM RESULT- ASSISTANT PROFESSOR -MEDICAL COLLEGE (DENTISTRY) & SENIOR RESIDENT-MEDICAL COLLEGE (DENTISTRY)-2014,/assets/pdf/result/WER_AP_SR_2014.pdf
1483574400000,201409,RESIDENT - DENTAL COLLEGE & DENTAL SURGEON-DENTAL COLLEGE-2014,/assets/pdf/result/WER_RESI_DSS_2014.pdf
